,00100,00120,00140,00150,00170,00180,00200,00210,00250,00260,00270,00320,00330,00350,00390,00400,00420,00500,00510,00520,00530,00550,00560,00610,00630,00640,00700,00710,00720,00800,00910,00960,00970,00990,01300,01360,01510,01600,01610,01620,01650,01710,02100,02230,02320,02600,02650,03100,04200,04400,05800,05830,05900,06100,08100,10300,10600,10900,11100,13100,13130,13210,15100,15110,15140,15150,15210,15240,15700,15830,18100,20100,20200,20300,20320,20360,20500,20700,20720,20810,20880,21100,21200,21600,23500,24100,26100,28100,28130,30100,33100,33200,33210,33230,33270,33310,33410,33500,33530,33540,33710,33720,33800,33900,37100,37600,37800,38200,40100,40200,40320,40340,40640,40700,40720,40740,42100,42700,44100,45100,45200,45700,48100,48600,49400,50100,53100,53810,53900,55100,57100,60100,65100,65200,67100,70100,70110,70200,70460,70500,74100,76100,78200,80100,80110,80200,87100,90100,90120,90130,90250,90500,90530,94100,96100,96200,96300,Quarter
0,5164.0,5349.0,5466.0,4822.0,4957.0,4991.0,3910.0,4198.0,4464.0,4714.0,4415.0,3346.0,4403.6,3303.0,2615.0,2998.0,2829.0,3844.0,3758.0,3231.0,3979.0,3523.0,4433.0,3797.0,2558.0,2803.0,2733.0,2338.0,2517.0,2838.0,2498.0,2056.0,2390.0,3755.0,2539.0,2155.0,3599.0,2383.0,2403.0,2318.0,2003.0,2516.8,3830.0,3241.0,3136.0,3433.0,3218.0,1969.0,2363.0,2418.0,1677.0,1962.0,1696.0,2213.0,2230.0,1425.0,1622.0,1413.0,1530.0,1951.0,1855.4,1608.0,1745.0,2163.0,2219.0,1629.0,1377.6,1257.4,1442.0,1243.6,1100.0,2308.0,1775.0,1722.0,1629.0,1239.0,2450.0,2104.0,1690.0,2342.0,1626.0,1518.0,1433.0,1239.0,869.0,1454.0,1291.0,1652.0,1492.6,1084.0,2799.0,2686.0,2664.0,2910.0,2176.0,1296.0,1408.0,2382.0,1958.0,2384.0,1693.0,1598.0,1579.0,2063.0,1490.0,1052.0,1222.4,1392.0,2241.0,2120.0,1340.0,1201.0,1153.0,1861.0,1735.0,1502.4,848.0,985.6,1135.0,1417.0,1128.8,950.0,1552.0,1004.0,1213.8,1678.0,1901.0,1249.0,1765.0,1011.0,1397.0,1720.0,2071.0,2055.0,1615.0,2347.0,2181.0,1639.0,1460.0,1519.0,1574.0,912.0,757.0,2003.0,2069.0,1940.0,1429.0,2125.0,1758.0,2074.0,1093.0,1416.0,1613.4,851.0,1828.0,1650.0,1629.8,2010-01-01
1,5021.0,5355.0,5590.0,5228.0,5165.0,5049.0,4075.0,4624.6,4667.0,5086.6,4312.0,3425.0,4344.0,3336.0,2634.0,2980.0,2684.0,3807.0,3697.0,3745.0,4090.0,3472.0,4026.0,3463.0,2668.8,2903.0,2916.0,2506.0,2695.0,3402.0,2475.0,2311.6,2484.0,4079.0,2573.0,2160.0,3599.0,2486.0,2341.0,2276.0,2016.0,2659.0,4032.0,3131.0,2911.0,3377.0,2885.0,1892.2,2202.0,2307.0,1855.0,1955.4,1645.0,2410.0,2157.0,1423.6,1844.0,1478.0,1709.0,1871.0,1812.0,1782.0,1849.0,2268.0,2329.0,1479.0,1277.0,1257.4,1107.0,1278.0,1305.0,2408.0,1782.0,1913.0,1694.0,1253.0,2347.0,2243.0,1658.0,2265.0,1698.8,1556.0,1532.0,1363.4,832.8,1423.0,1404.0,1661.0,1400.0,1255.0,2745.0,2797.0,2646.0,2831.0,2229.0,1407.8,1439.8,2500.0,1946.0,2439.0,1834.0,1673.0,2017.0,2202.0,1558.0,1176.0,1065.0,1518.0,2337.0,2136.0,1617.0,1208.0,1243.0,1888.0,1881.0,1535.0,1001.0,989.0,853.0,1369.0,1198.0,1039.6,1544.0,1023.0,1420.0,1645.0,1987.0,1211.0,2197.0,1161.0,1318.0,1552.0,2117.0,1689.0,1467.0,2351.0,2097.0,1688.0,1437.0,1648.0,1545.0,1086.0,818.0,2080.0,2111.0,2275.0,1438.0,2251.0,1832.0,2142.0,1198.0,1559.0,1587.0,876.0,1669.0,1706.0,1525.0,2010-04-01
2,5081.0,5534.0,5943.0,5240.0,5086.0,4947.0,4119.0,4812.0,4692.0,5342.0,4397.0,3367.0,4258.0,3330.0,2818.0,3126.0,2676.0,3906.0,3923.0,3563.0,3964.0,3640.0,4418.0,3601.0,2668.8,2744.0,2663.0,2327.0,2689.0,3119.0,2722.0,2261.0,2467.0,3622.0,2712.0,2140.0,3599.0,2352.0,2569.0,2275.0,2148.0,2471.0,3880.6,2976.0,2996.6,3665.2,3088.0,1990.0,2337.0,2284.0,1780.0,1955.4,1631.0,2532.0,2211.0,1333.0,1937.0,1502.0,1467.0,2098.0,1766.0,1660.2,1916.0,2189.0,2210.0,1558.0,1374.0,1257.4,1633.0,1208.0,1395.0,2379.0,1785.0,1879.0,1673.0,1341.0,2388.0,2333.0,1609.0,2308.0,1727.0,1439.0,1505.4,1363.4,832.8,1324.0,1310.0,1723.0,1542.0,1214.0,2822.0,2763.0,2661.0,2688.0,2395.0,1518.0,1427.0,2512.0,1973.0,2424.0,1843.0,1754.0,1536.0,2251.0,1616.0,1302.0,1119.0,1259.0,2402.0,2137.0,1486.0,1185.0,1295.0,2049.2,2206.0,1434.0,1146.0,1107.0,1164.0,1433.0,1053.0,1073.0,1569.0,1073.0,1210.0,1784.0,2056.0,1360.0,2090.8,1287.0,1507.0,1404.0,2093.0,1961.0,1599.0,2310.0,2157.0,1625.0,1407.0,1691.0,1513.0,861.0,901.0,2057.0,2236.0,2126.0,1389.0,2054.0,2028.0,2036.0,1302.0,1507.0,1568.0,994.0,1645.0,1698.0,1794.0,2010-07-01
3,5006.0,5321.0,5227.0,5189.0,5487.0,5180.0,4271.0,4737.0,4673.0,5086.6,4538.0,3628.0,4114.0,3694.0,2814.0,3138.0,2605.0,3996.0,3732.0,3634.0,3961.0,3590.0,4337.0,3696.0,2668.8,2909.0,2774.0,2383.2,2723.0,3374.0,2565.0,2522.0,2489.0,4160.0,2612.0,2097.8,3462.0,2322.0,2484.0,2211.0,2062.0,2484.0,3880.6,3304.0,2937.0,3665.2,3075.0,1615.0,2254.0,2499.0,1776.0,1845.0,1815.0,2390.0,2074.0,1423.6,2351.0,1262.0,1596.0,1960.0,1957.0,1764.0,1849.0,2462.0,2402.0,1549.4,1377.6,1309.0,1447.0,1143.0,1470.0,2372.0,1716.0,1696.0,1645.0,1292.0,2453.0,2271.0,1848.0,2473.0,1657.0,1565.0,1505.0,1284.0,725.0,1457.0,1403.0,1822.0,1509.0,1161.0,2901.0,2860.0,2798.0,3073.0,2229.0,1407.8,1528.0,2505.0,1959.0,2420.0,1795.0,1656.0,1857.0,2260.0,1442.0,1173.2,1222.4,1346.0,2288.0,2089.0,1464.2,1162.0,1246.0,2035.0,2141.0,1498.0,1118.0,972.0,945.0,1472.0,1085.0,988.0,1530.0,1103.0,1213.8,1858.0,2011.0,1294.8,2090.8,1207.0,1286.0,1520.0,2181.0,1807.8,1803.0,2248.0,2062.0,1493.0,1432.0,1536.0,1500.0,908.0,1072.0,2323.0,2118.0,2121.4,1401.0,2132.0,1979.0,2074.0,1152.0,1505.0,1666.0,913.0,1728.0,1877.0,1629.8,2010-10-01
4,5713.0,5528.0,5890.0,5593.0,5723.0,5295.0,4324.0,4733.4,4979.0,5248.0,4556.0,3573.0,4454.6,3495.0,2711.0,3136.0,2565.0,4032.0,4149.0,3437.0,4358.0,3708.0,4458.4,3710.0,2777.0,2989.0,2763.0,2331.0,2824.2,3057.0,2883.0,2299.0,2484.6,3844.0,2692.0,2008.0,3599.0,2481.0,2724.0,2240.6,2009.0,2348.0,3407.0,3320.6,2837.0,3810.0,3196.0,1725.0,2273.0,2381.0,1814.0,1973.0,2014.0,2757.0,2136.0,1464.0,2054.0,1348.8,1463.0,2134.0,1867.0,1519.0,2013.0,2352.0,2229.0,1517.0,1400.0,1276.0,1435.0,1235.0,1270.0,2503.0,1783.0,1862.6,1548.0,1314.0,2367.0,2158.0,1830.0,2418.0,1736.0,1548.6,1472.4,1413.0,906.0,1665.0,1415.0,1782.0,1562.0,1198.6,2939.0,3072.0,2648.0,2901.0,2267.0,1414.2,1378.0,2602.0,1904.0,2471.0,1835.0,1720.0,1727.0,2356.0,1531.0,1096.0,1271.0,1392.0,2390.0,2120.0,1501.0,1285.0,1204.0,2129.8,2071.0,1560.0,1334.0,746.0,1065.8,1423.0,1179.0,1115.0,1521.0,1147.0,1176.0,1950.0,2241.0,1350.0,2249.0,1124.0,1456.0,1651.0,2269.0,1722.0,1788.0,2254.0,2269.0,1645.0,1416.0,1449.0,1644.0,1058.0,784.0,2318.0,2185.0,2168.0,1430.0,2193.0,1956.0,2081.0,1076.0,1500.0,1618.0,1102.0,1987.0,1531.0,1501.0,2011-01-01
5,5866.0,5523.0,6361.0,5692.0,5818.0,5230.0,4491.0,4791.8,4943.0,5384.0,4704.0,3730.0,4646.4,3739.0,2585.0,3156.0,2756.0,4086.0,4019.0,3575.0,4083.0,3931.0,4607.0,4000.0,2630.0,2880.0,3158.0,2344.0,2916.0,3302.0,2916.0,2435.0,2535.0,4079.0,2794.0,2108.0,3614.0,2482.0,2554.0,2176.0,2002.0,2728.0,3732.0,3287.0,2918.0,4013.0,3145.0,1762.0,2383.0,2436.0,1971.0,1991.0,1585.0,2404.0,2247.8,1394.0,2342.0,1401.0,1735.0,2186.0,2095.0,1623.0,2033.0,2171.0,2367.0,1641.0,1350.0,1277.0,1304.0,1218.0,1064.0,2393.0,1771.0,1934.0,1598.0,1297.0,2363.0,2384.0,1782.0,2407.0,1748.0,1694.0,1431.0,1453.0,853.0,1514.0,1507.0,1764.0,1446.2,1200.0,2817.0,3020.0,2791.2,3001.0,2141.0,1423.4,1450.0,2407.0,2080.0,2453.0,2056.0,1633.0,1893.0,2373.0,1600.0,1113.6,1382.0,1460.6,2386.0,2249.0,1503.0,1217.0,1306.4,2158.0,1977.0,1543.0,1298.2,1054.0,999.0,1312.0,1205.0,1080.0,1602.0,1364.0,1254.8,1950.0,2315.0,1307.0,2425.0,1183.0,1633.0,1827.6,2092.0,1627.0,1918.0,2421.0,2293.0,1751.0,1457.0,1684.0,1357.0,966.2,717.0,2324.0,2218.0,2164.8,1669.0,2380.0,2020.0,2049.6,1187.0,1599.0,1637.0,1156.0,1928.0,1912.0,1713.0,2011-04-01
6,5552.0,5609.2,6302.0,5600.0,5781.0,5521.0,4400.0,4756.0,4816.0,4910.0,4489.0,3708.0,4539.6,3478.0,2801.0,3317.0,2766.0,4059.0,3921.0,3961.0,4382.0,3822.0,4448.0,3870.0,2624.0,2956.8,2800.0,2432.0,3033.0,3340.0,2993.0,2475.0,2538.0,3842.0,2815.0,1971.0,3601.0,2442.0,2483.0,2330.0,1936.0,2653.0,4402.0,3377.2,3162.0,3769.0,3312.0,2010.0,2226.0,2433.0,1847.0,2006.0,1774.0,2502.0,2222.8,1489.0,2177.0,1317.0,1697.0,2205.0,1915.0,1628.0,1735.0,1907.0,2421.0,1624.0,1318.0,1225.0,1331.0,1355.0,1339.0,2492.0,1850.0,1886.0,1583.0,1199.0,2358.0,2274.0,1792.0,2633.0,1739.4,1585.0,1537.0,1432.4,796.0,1523.0,1518.0,1929.0,1450.0,1228.0,2900.0,2855.0,2859.0,2809.0,2369.0,1414.2,1414.0,2499.0,2137.0,2427.0,1825.2,1608.0,1863.0,2288.0,1573.0,1240.0,1246.8,1384.6,2516.0,2058.0,1377.0,1163.0,1310.4,2229.0,2000.0,1471.0,1264.4,1134.0,910.0,1484.0,1280.0,1061.0,1541.0,1196.0,1152.0,1901.0,2223.0,1339.2,1818.0,1520.0,1759.0,1724.8,2197.0,2025.0,1867.4,2321.0,2617.0,1744.0,1543.0,1606.0,1529.0,1061.0,844.0,2273.0,2353.0,2140.0,1453.0,2321.0,2032.0,2183.0,1210.6,1577.0,1641.0,980.0,1662.0,1895.0,1620.0,2011-07-01
7,5614.0,5045.0,6146.0,5892.0,5531.0,5557.0,4356.0,4772.4,4865.0,5219.0,4650.0,3473.0,4705.0,3736.0,2707.0,3415.0,2631.0,4185.0,3915.0,3842.0,4298.0,3561.0,4556.0,3790.0,2755.0,2929.2,2838.0,2414.0,2813.0,3419.0,2970.0,2420.0,2426.0,4107.0,2646.0,2026.0,3588.4,2451.0,2351.0,2246.0,2198.0,2622.0,3922.6,3507.0,2910.0,3937.0,3059.0,2162.0,2294.6,2371.0,1815.0,1954.2,1940.0,2583.0,2134.0,1407.0,2105.0,1345.0,1719.0,2121.0,1875.0,1627.8,1991.0,2173.0,2286.0,1564.0,1519.0,1200.0,1260.0,1354.0,1237.0,2437.0,1796.6,1929.0,1602.0,1364.0,2366.0,2375.0,1780.0,2368.0,1711.4,1255.0,1520.0,1404.0,868.0,1345.0,1489.4,1896.0,1475.8,1185.0,2895.0,2876.0,2884.0,2814.0,2064.0,1390.0,1458.0,2434.0,1991.4,2557.0,1562.0,1710.0,2088.0,2107.0,1524.0,1189.6,1275.0,1416.2,2411.0,2118.2,1470.2,1173.0,1297.0,2233.0,2044.8,1485.0,1007.0,1114.0,1232.0,1488.0,1129.0,1072.0,1493.0,1223.0,1111.0,1811.0,2225.0,1304.0,2197.6,1018.0,1752.0,1668.2,2084.0,1612.0,1943.0,2459.0,2257.0,1641.6,1470.0,1588.8,1447.0,972.0,935.0,2166.0,2045.0,2098.0,1423.0,2054.0,2075.0,2047.4,1198.6,1593.0,1628.0,926.0,1838.0,1932.0,1709.0,2011-10-01
8,6020.0,5870.0,6121.0,5817.0,5349.0,5622.0,4516.0,4620.0,4990.0,5305.6,4898.0,3610.0,4597.0,3951.0,2851.0,3310.0,2856.0,4086.0,3945.0,3674.0,4246.0,3846.0,4374.0,4017.2,2915.2,3124.0,2975.0,2727.0,2980.0,3352.0,2978.8,2420.0,2506.0,4218.0,2996.0,2155.0,3641.2,2543.0,2660.4,2295.0,2070.0,2547.0,3974.8,3511.6,2857.0,3769.0,3419.0,1856.0,2371.4,2315.0,2079.0,1956.0,1787.2,2536.0,2240.0,1492.0,2182.0,1234.0,1685.0,2257.0,1965.0,1660.6,2009.0,2249.6,2298.0,1691.0,1359.8,1163.0,1444.2,1109.0,1238.8,2451.0,1863.0,1875.0,1618.8,1389.0,2238.0,2204.0,1778.4,2392.0,1725.4,1790.0,1369.0,1428.0,904.0,1640.0,1604.0,1783.0,1316.0,1233.0,2880.0,3035.2,2645.0,2810.0,2356.6,1454.0,1357.0,2609.0,1877.0,2487.0,1844.0,1695.0,1720.0,2409.0,1555.0,1040.0,1248.4,1445.0,2445.0,2075.0,1452.8,1106.0,1223.0,1994.0,2035.0,1532.0,1457.0,1045.0,989.0,1514.0,1139.0,1017.0,1693.0,972.0,1454.0,2004.0,2219.0,1415.0,2174.4,1498.0,1610.0,1848.0,2151.0,1779.0,1822.0,2196.0,2276.0,1575.0,1384.0,1669.0,1500.0,871.0,960.0,2180.0,2267.0,2164.8,1520.0,2269.0,1895.0,1928.0,1205.4,1555.0,1903.0,1146.0,1770.0,1888.0,1686.8,2012-01-01
9,5814.0,6080.0,6046.0,5410.0,5807.0,5636.0,4546.0,4742.0,5138.0,5377.0,4942.0,3764.0,4599.0,3884.0,2792.2,3396.0,2627.0,4287.0,4148.0,4066.0,4536.0,3919.0,4381.0,4139.0,2915.2,3047.0,2973.6,2484.0,2895.0,3487.0,3172.0,2531.4,2607.0,4223.0,2922.0,2045.0,3592.0,2494.0,2636.4,2235.0,1988.4,2521.0,4040.0,3529.0,3143.0,4171.0,3324.0,1885.0,2371.4,2321.0,2031.0,2022.0,1733.6,2648.0,2247.8,1201.0,2182.0,1284.0,1670.0,2369.0,1951.0,1674.0,2071.0,2222.2,2410.0,1797.0,1359.8,1206.0,1480.0,1167.0,1252.0,2506.0,1837.0,1890.8,1689.0,1341.0,2644.0,2272.0,1802.0,2297.0,1689.0,1912.0,1493.0,1424.0,984.0,1437.0,1506.0,1718.0,1368.0,1360.0,2929.0,2946.0,2837.2,2843.0,2366.0,1381.0,1424.0,2684.0,2015.0,2548.0,1830.0,1824.0,1866.0,2395.0,1630.0,1136.0,1231.4,1552.0,2539.0,2358.0,1366.0,1016.0,1533.0,1918.0,2156.0,1565.2,1378.0,1049.0,995.8,1506.0,1083.0,1166.0,1759.0,1235.0,1381.0,1752.0,2170.0,1320.0,2228.4,1157.0,1484.0,1900.0,2161.0,1699.0,1866.0,2465.0,2334.0,1759.0,1457.6,1763.0,1512.0,869.0,766.0,2259.0,2115.0,2063.0,1517.0,2245.0,1979.0,2047.0,1100.0,1539.0,1810.0,1072.0,1977.0,2028.0,1761.0,2012-04-01
10,5802.0,5652.0,6015.0,5960.0,5761.0,5424.0,4524.0,4904.0,5118.0,5609.0,4942.0,3665.0,4539.0,3784.0,2962.0,3486.0,2714.0,4261.0,4300.0,3777.0,4717.0,4055.0,4638.0,4263.0,3335.0,3227.0,3081.0,2689.0,3101.0,3358.0,2930.0,2561.0,2527.0,4524.0,2863.0,2124.0,3726.0,2640.0,2806.0,2202.0,1988.4,2688.0,4293.0,3587.0,3044.0,3807.0,3516.0,1912.0,2353.0,2141.0,1880.0,2015.0,1790.0,2693.0,2393.0,1337.0,2136.0,1527.0,1724.0,2200.0,1918.0,1859.0,2024.0,2347.0,2488.0,1750.0,1230.0,1156.0,1671.0,1127.0,1269.0,2484.0,1974.0,1918.8,1676.0,1311.0,2535.0,2436.0,1694.0,2572.0,1797.0,1764.0,1515.0,1444.0,1034.0,1636.0,1474.0,2021.0,1535.0,1210.0,2797.0,3283.0,2920.0,3073.0,2422.0,1328.0,1421.0,2791.0,2092.0,2506.0,1774.0,1723.0,1754.0,2351.0,1612.0,1056.0,1187.0,1481.0,2476.0,2234.0,1517.0,1116.0,1275.0,2217.0,2046.0,1631.0,1315.0,1008.0,953.0,1499.0,1126.0,1043.0,1630.0,1154.4,1025.0,2461.0,2229.0,1376.0,2081.0,1280.0,1662.0,1821.0,2113.0,1822.0,1791.0,2384.0,2381.0,1808.0,1401.0,1532.0,1528.0,911.0,783.0,2386.0,2408.0,2245.0,1635.0,2274.0,1952.0,2009.0,1388.0,1596.0,1917.0,1338.0,1787.0,1736.0,1839.0,2012-07-01
11,5801.0,5453.0,5933.0,6057.0,5832.0,5625.0,4712.0,4937.0,5064.0,5656.0,4940.0,3937.0,4792.0,4073.0,2762.0,3415.0,2677.0,4397.0,4234.0,4133.0,4372.0,3938.0,4640.0,4337.0,3210.0,3098.0,2854.0,2422.0,3081.0,3685.0,3187.0,2536.0,2644.0,4175.0,2886.0,2072.0,3673.0,2460.0,2735.0,2172.0,1925.0,2553.0,4169.8,3648.0,2956.0,4350.0,3436.0,2289.0,2622.0,2191.0,2057.0,2162.0,1773.0,2508.0,2336.0,1310.0,2201.0,1030.0,1582.0,2144.0,1960.0,1605.0,2058.0,2471.0,2239.0,1685.0,1501.0,1209.0,1555.0,1251.0,1423.0,2625.0,2039.0,1830.0,1685.0,1338.0,2317.0,2331.0,1794.0,2479.0,1770.4,1815.0,1482.0,1442.0,1013.0,1244.0,1143.0,1699.0,1320.0,1325.0,3044.0,2974.0,2768.0,2834.0,2485.0,1564.0,1461.0,2688.0,2065.0,2518.0,1725.0,1683.0,1881.0,2512.0,1675.0,1270.0,1127.0,1639.0,2567.0,2358.0,1484.0,1108.0,1306.4,2194.0,2071.2,1649.0,1141.0,1004.0,1128.0,1312.0,1082.0,897.0,1622.0,1010.0,1396.0,1907.0,2196.0,1353.6,2299.0,1291.0,1780.0,1918.0,2415.0,1890.0,2069.0,2489.0,2103.0,1701.0,1503.0,1533.0,1588.0,841.0,908.0,2432.0,2452.0,2250.0,1618.0,2075.0,2070.0,2009.0,1276.0,1592.0,1728.0,1168.0,1899.0,1943.0,1616.0,2012-10-01
12,6031.0,5895.0,6297.0,5956.0,6183.0,5442.0,4858.0,4871.4,5118.0,5346.0,4994.0,3941.0,4802.0,4034.0,2869.0,3482.0,2941.0,4435.0,4563.0,4380.0,4577.0,4034.0,5049.0,4305.0,3207.0,3151.0,2840.0,2496.0,2979.0,3803.0,2976.0,2665.0,2549.0,4334.6,2809.0,1880.0,3844.0,2482.0,2604.0,2252.0,2006.0,2565.0,4382.0,3200.0,3167.0,3878.0,3657.0,2059.6,2409.2,2468.0,2019.0,1916.0,1746.0,2668.0,2277.0,1288.0,2052.0,1393.2,1638.0,2260.0,1914.0,1848.0,2153.0,2215.0,2590.0,1598.0,1363.6,1266.0,1405.0,1253.0,1334.8,2628.0,1742.0,1957.4,1680.0,1455.0,2613.0,2316.0,1948.0,2542.0,1867.0,1883.4,1526.0,946.0,1106.0,1335.0,1459.0,2129.0,1414.6,1132.0,2921.0,2865.0,2994.0,2821.0,2557.0,1492.0,1431.0,2665.0,2052.0,2528.0,2204.0,1676.0,2142.0,2588.0,1656.0,1216.2,1190.0,1803.0,2505.0,2113.0,1462.4,1073.0,1224.8,2286.0,2062.0,1366.0,1421.0,1055.0,1134.0,1733.0,1158.0,1098.0,1582.0,1191.0,1192.0,2065.0,2286.0,1350.0,2519.0,1260.0,1626.0,1825.0,2353.0,1954.0,1933.8,2619.0,2409.8,1855.0,1419.0,1702.0,1550.0,909.0,800.0,2433.0,2335.0,2160.8,1429.0,2160.0,1936.0,2046.8,1263.0,1623.0,1782.0,923.0,2001.0,1717.0,1622.0,2013-01-01
13,5963.0,6343.0,6418.0,5905.0,5932.0,6171.0,4800.0,5028.2,5229.0,5565.0,5143.0,4203.0,4915.0,3990.0,2754.0,3515.0,2888.0,4523.0,4420.0,4314.4,4838.0,4309.0,4672.0,4633.6,3063.0,3293.0,3234.0,2451.0,3218.0,3964.0,3265.0,2715.0,2606.0,4530.0,2964.0,2192.0,4048.0,2612.0,2502.0,2369.0,2076.0,2812.0,4310.8,3550.0,3034.0,4110.0,3315.0,2202.0,2384.6,2466.0,2106.0,2014.6,1953.0,2544.0,2253.0,1571.0,2072.0,1666.0,1819.0,2265.0,2162.0,1828.0,2205.0,2417.0,2508.0,1792.0,1513.0,1257.0,1534.0,1180.0,1455.0,2634.0,1962.0,2069.0,1623.0,1198.0,2694.0,2320.0,1816.0,2790.0,1751.0,1929.0,1491.4,1427.0,1098.0,1447.0,1492.0,2094.0,1431.0,1234.0,3088.0,3171.0,2813.0,2877.0,2460.0,1622.0,1545.0,2687.0,2113.0,2573.0,1830.0,1706.0,2434.0,2040.0,1468.0,1229.0,1181.0,1729.8,2586.0,2414.0,1449.0,957.0,1134.6,2377.0,2126.0,1424.0,1003.0,1263.0,1110.0,1598.0,1066.0,988.0,1531.0,1147.0,1280.0,1945.0,2280.0,1367.0,2490.0,1445.0,1532.0,1740.0,2404.0,1834.0,2070.6,2402.0,2464.0,1771.0,1490.0,1761.0,1604.0,733.0,855.0,2496.0,2485.0,2191.0,1584.0,2212.0,2259.0,1958.0,1201.0,1606.0,1997.0,932.0,1743.0,1623.0,1549.0,2013-04-01
14,6394.0,6397.0,6531.0,5918.0,6641.0,5894.0,4742.0,5095.0,5437.0,5749.8,5220.0,3997.0,5085.0,4028.0,2918.0,3652.0,2883.0,4493.0,4814.0,4359.0,4719.0,4077.0,4923.0,4208.0,3317.0,3368.0,2929.0,2396.0,3318.0,3628.0,2850.0,2646.0,2562.0,4453.0,3009.0,2084.0,3934.0,2645.0,3127.0,2369.0,1953.0,2506.0,4761.0,3861.0,3245.0,3454.0,3692.0,2200.0,2422.8,2487.0,2044.0,1904.0,2101.0,2857.0,2155.0,1790.0,2031.2,1307.0,1802.0,2196.0,2010.0,1850.0,2170.0,2587.0,2312.0,1694.0,1723.0,1205.0,1643.0,1161.0,1054.0,2609.0,2053.0,2126.0,1707.0,1426.0,2498.0,2417.0,2138.0,2599.0,1841.0,1785.0,1524.6,1080.0,875.0,1204.0,1531.0,1927.0,1502.0,1269.0,3104.0,3135.0,2943.4,2706.0,2665.0,1447.0,1387.0,2707.0,2384.0,2588.0,1929.0,1644.0,1735.0,2443.0,1459.0,1284.0,1162.0,1511.0,2655.0,2610.0,1587.0,1072.0,1257.0,2509.0,2232.0,1364.0,1147.2,973.0,938.0,1680.0,1150.0,1019.0,1609.0,1063.0,1106.0,2202.0,2280.0,1271.0,1859.0,1303.6,1544.0,2017.0,2172.0,1997.0,1882.0,2146.0,2398.0,1852.0,1386.6,1713.0,1662.0,786.0,745.0,2451.0,2531.0,2190.4,1682.0,2340.0,2024.0,2052.0,1072.0,1545.0,2181.0,825.0,2050.0,1274.0,1941.0,2013-07-01
15,6073.0,6260.0,6975.0,6500.0,6031.0,5602.0,4820.0,4711.0,5502.0,5756.0,5667.0,4073.0,4961.8,4089.0,2901.0,3602.0,3177.0,4636.0,4418.0,4320.0,4869.0,4512.0,4854.0,4608.0,3113.0,3100.0,3087.0,2514.0,3340.0,3749.0,3023.0,2719.0,2606.0,4434.0,2906.0,2119.0,3842.0,2611.0,2895.0,2441.0,2060.0,2644.0,4429.0,3971.0,3047.6,3711.0,3494.0,2138.8,2462.0,2434.0,2168.0,1982.4,1966.0,2761.0,2002.0,1626.0,1812.0,1542.8,1881.0,2207.0,2156.0,1890.0,2010.0,2429.6,2582.0,1715.0,1235.0,1254.0,1388.0,1174.0,1332.0,2505.0,1929.0,2074.0,1787.0,1309.0,2807.0,2242.0,1904.0,2543.0,1845.0,1742.0,1498.8,1292.8,1017.0,1194.0,1423.6,1993.0,1468.0,1297.0,3144.0,3303.0,2859.0,3042.0,2403.0,1203.0,1456.0,2765.0,2003.0,2605.0,1966.8,1573.0,1906.0,2780.0,1588.0,1127.0,1010.0,1652.0,2582.0,2233.0,1745.0,1047.0,1122.0,2380.8,2320.0,1394.0,1164.0,1090.4,1067.2,1309.0,1114.0,1036.0,1502.0,1380.0,1444.0,2023.0,2182.0,1373.0,2404.0,1250.0,1562.2,2134.0,2251.0,1841.0,2033.2,2554.0,2441.0,1811.0,1440.0,1709.0,1372.0,725.0,889.0,2605.0,2275.0,2170.4,1625.0,2262.0,2158.0,2113.0,1485.0,1469.0,1683.0,823.0,2163.0,1901.0,1577.0,2013-10-01
16,5636.0,5850.0,6068.0,6216.0,6334.0,5664.0,4748.0,4943.4,5620.0,6058.0,5322.0,4071.0,5145.0,4050.0,3003.0,3598.0,2905.0,4655.0,4443.0,3779.0,4973.0,4511.0,5387.0,4615.0,3207.0,2824.0,2988.0,2523.6,3030.0,3878.8,2888.0,2822.0,2458.0,4504.0,3067.0,2142.0,3729.0,2686.0,2851.0,2331.6,2122.0,2698.4,3735.0,3615.0,2802.0,3996.0,3571.0,2070.0,2448.0,2374.0,2122.4,2097.8,1980.0,2654.0,2122.0,1795.0,2097.0,1181.0,1665.0,2317.0,2180.0,1727.0,2087.0,2520.0,2419.0,1752.0,1542.0,1222.8,1824.0,1213.0,1408.0,2609.0,1854.0,1744.0,1746.0,1239.0,2524.0,2532.0,1803.0,2795.0,1819.0,1779.0,1421.0,941.0,940.0,1444.0,1479.0,1602.0,1190.0,1287.8,3211.0,3192.8,3027.0,2935.0,2413.0,1330.0,1445.8,2792.0,2414.0,2781.0,1861.0,1622.0,2112.2,2355.6,1527.0,1293.0,1119.0,1590.2,2638.0,2438.0,1459.0,1146.0,1235.0,2317.0,2229.2,1300.0,1146.8,804.0,923.0,1284.0,1172.0,930.0,1496.0,1105.0,1233.6,2085.0,2180.0,1413.0,2283.0,1563.0,1630.0,2173.0,2291.0,1800.0,1867.0,2671.0,2301.0,1767.0,1392.0,1564.0,1763.0,838.0,943.0,2390.0,2389.0,2200.0,1438.0,2368.0,1989.0,2042.2,1098.0,1495.0,2013.0,1166.0,1847.0,1637.0,1856.0,2014-01-01
17,5944.0,6086.0,6739.0,6434.0,6072.0,5954.0,4831.0,5053.4,5112.0,5867.0,5387.0,4291.0,5061.0,3981.8,3159.0,3730.0,2886.0,4596.0,4522.0,4516.0,4839.0,4277.0,4909.0,4745.0,3203.0,2993.0,3109.0,2614.0,3223.0,3814.0,3255.0,2589.0,2505.0,4554.0,3138.0,2228.0,3934.0,2737.0,2792.0,2387.4,2135.2,2752.0,4576.6,3508.0,3159.0,3927.0,3377.0,2194.0,2351.6,2586.0,2246.0,2041.8,1971.0,2766.0,1981.0,1431.0,2000.8,1635.0,1716.0,2180.0,2114.0,1867.2,2270.0,2385.8,2767.0,1764.0,1372.0,1181.0,1571.0,1223.0,1545.0,2871.0,1929.0,2024.0,1710.0,1291.0,2883.0,2468.0,1983.0,2482.0,1915.0,1911.4,1570.0,1328.0,889.0,1496.0,1316.0,2227.0,1323.0,1282.0,3155.0,3184.0,2932.0,2853.0,2518.2,1335.0,1411.0,2803.0,2537.0,2677.0,1949.0,1860.0,2036.0,2456.6,1649.0,1238.6,1297.0,1661.2,2702.0,2327.0,1699.0,963.0,1201.0,2389.0,2213.0,1626.0,1168.0,950.0,1254.0,1597.0,1111.0,998.0,1523.0,1199.0,1231.2,2036.0,2277.0,1371.2,2283.0,1517.0,1516.0,1908.0,2402.0,1707.0,2132.0,2650.0,2565.0,1697.0,1335.0,1777.0,1603.0,721.0,781.0,2145.0,2192.0,2261.0,1622.0,2353.8,2044.0,2120.0,1133.0,1568.0,1430.0,881.0,1100.0,1555.0,1684.0,2014-04-01
18,5985.0,5942.0,6556.0,6291.0,5702.0,6226.0,4884.0,5082.6,5266.0,5477.0,5408.0,4153.0,4994.0,4042.0,2958.8,3872.0,3023.2,4935.0,4584.0,4282.0,4751.0,4342.0,4833.0,4502.0,3201.8,3153.0,2945.0,2572.0,2864.0,4173.0,2920.0,2703.0,2534.0,4322.0,3040.0,2032.0,3919.2,2583.0,2474.0,2370.0,2042.0,2725.0,4576.6,3668.0,2909.0,4734.0,3458.0,2028.0,2384.6,2463.0,2403.0,2074.0,1871.0,2554.0,2121.6,1485.0,2060.0,1436.0,1485.0,2248.0,2039.0,1894.0,2005.0,2412.0,2476.0,1870.0,1362.0,1238.0,1477.0,1202.0,1663.0,2598.0,1976.0,2445.0,1732.0,1346.0,2754.0,2443.0,1893.0,2482.0,1824.0,1872.0,1516.4,1391.0,942.0,1584.0,1373.0,1999.0,1590.0,1379.0,3158.0,3233.0,2937.0,2969.0,2449.0,1368.0,1346.0,2699.0,2235.0,2775.0,2023.0,1767.0,2149.0,2378.0,1729.0,1551.0,1181.0,1552.0,2802.0,2352.0,1461.0,955.0,1187.0,2380.8,2239.0,1539.0,1111.0,1088.2,854.0,1501.0,1106.0,1050.0,1457.0,1135.0,1060.0,2075.0,2338.0,1424.0,2416.6,1352.2,1626.0,2466.0,2417.0,1720.0,1972.0,2631.0,2591.0,1810.0,1389.0,1641.0,1378.0,820.0,953.0,2344.0,2270.0,2209.4,1424.0,2371.0,1926.0,2164.0,1276.0,1560.0,1823.0,855.0,1932.0,1862.0,1629.0,2014-07-01
19,6510.0,5886.0,6032.0,6335.0,5800.0,5749.0,4944.0,5063.0,5309.0,5199.0,4968.0,4150.0,5048.4,4048.0,2866.0,3731.0,2972.0,4607.0,4687.0,4425.4,4894.0,3953.0,5259.0,4737.0,3182.4,3169.0,2952.0,2447.0,3236.0,4521.0,3013.0,2752.0,2642.0,4221.0,2920.0,2031.0,3930.6,2579.0,2736.0,2585.0,2033.0,2511.0,4490.0,3472.2,3088.0,4097.0,3508.0,2063.0,2362.8,2448.0,1996.0,2298.0,1672.0,2508.0,2401.0,1449.0,2078.6,1459.0,1715.0,2247.0,2144.0,1529.0,2184.0,2560.0,2581.0,1804.0,1339.0,1222.0,1363.0,1306.0,1480.6,2442.0,2086.0,1928.0,1622.0,1354.0,2640.0,2431.0,1897.0,2711.0,1752.0,1997.0,1603.0,1306.8,928.0,1422.4,1391.4,1800.0,1419.0,1389.0,3131.0,2910.0,3289.0,3279.0,2497.0,1375.0,1660.0,2683.0,2211.0,2803.0,1946.2,1799.0,2161.6,2547.0,1440.0,1390.0,1203.0,1718.2,2455.0,2321.8,1496.0,982.0,1181.0,2078.0,2017.0,1583.0,1508.0,922.0,1182.0,1310.0,1118.6,1062.0,1536.0,1283.0,1130.0,2016.0,2192.0,1379.2,2395.6,1199.0,1672.0,1877.0,2371.0,1813.6,1971.0,2666.0,2442.0,1734.0,1261.0,1550.0,1425.0,837.0,893.8,2266.0,2355.0,2180.4,1438.0,2322.0,2088.0,2211.0,1094.0,1616.0,1812.0,880.0,1136.0,1804.0,2046.0,2014-10-01
20,6231.0,6298.0,6547.0,6023.0,6052.0,5918.0,4910.0,5268.0,5171.0,6099.0,5350.0,4309.0,5037.0,3701.0,2907.0,3853.0,2891.0,4640.0,4587.0,4074.0,4980.0,4427.0,5025.0,5008.0,3508.0,3186.8,3571.0,2534.0,3112.0,3955.0,2924.0,2827.0,2365.0,4582.0,2932.0,2106.0,3855.0,2515.0,2789.0,2401.0,2390.0,2698.0,4715.0,3450.0,2969.0,4043.0,3659.0,2138.8,2487.0,2398.0,2076.0,1982.4,1760.0,2634.0,2137.0,1542.0,2016.0,1234.0,1702.0,2456.0,2047.0,2086.0,1968.0,2429.6,2559.0,1654.0,1443.0,1203.8,1487.0,1193.0,1402.8,2724.0,2094.0,2113.0,1687.0,1303.0,2524.0,2464.0,1942.0,2720.0,1778.6,1884.0,1525.6,1372.0,997.0,1235.0,1478.0,1917.0,1431.0,1260.6,3230.0,3348.0,2877.0,3096.0,2596.0,1349.8,1503.0,2796.0,2680.0,2543.0,1920.8,1741.0,1996.0,2441.0,1716.0,1252.8,1164.0,1672.0,2698.0,2355.0,1976.0,1049.0,1156.0,2375.0,2044.0,1726.0,980.0,1211.0,984.0,1722.0,1104.0,947.0,1484.0,1315.0,1217.0,2127.0,2171.0,1369.6,2428.4,1289.0,1619.0,1974.0,2402.0,1839.0,2313.0,2631.0,2372.0,1749.0,1273.0,1546.0,1527.0,722.0,834.4,2349.0,2335.0,2153.4,1327.0,2537.0,2169.0,2294.0,1318.0,1438.0,2111.0,975.0,1914.0,1983.0,1623.8,2015-01-01
21,6066.0,6112.0,6075.0,6367.0,6367.0,5803.0,4873.0,4897.0,5657.0,5983.0,4985.0,4337.0,4947.0,4087.0,2938.4,3808.0,3120.0,4745.0,4771.0,4624.0,5099.0,4429.0,4766.0,4398.0,3314.0,3131.2,2826.0,2484.0,3258.0,4214.0,3061.6,2776.0,2382.0,4500.0,3161.0,1995.0,4081.0,2576.0,2721.0,2473.0,2140.4,2714.0,4425.6,3478.0,3099.0,3566.0,3688.0,2019.2,2333.0,2720.0,2166.0,1940.0,1882.0,2375.0,2146.0,1525.4,2039.0,1119.0,1676.0,2483.0,2113.0,1638.0,2235.0,2532.0,2766.0,1664.0,1452.8,1209.4,1647.0,1203.2,1275.0,2737.0,1871.0,2014.6,1825.0,1260.0,2899.0,2499.0,1992.0,2480.0,1535.0,1774.2,1516.4,1202.8,1006.0,1309.0,1527.0,1902.0,1249.0,1228.0,3291.0,3185.2,3174.0,3156.0,2683.0,1400.0,1484.8,2798.0,2453.0,2669.0,1974.0,1759.0,2343.0,2497.0,1693.0,1064.0,1149.0,1627.0,2646.0,2485.0,1954.0,1152.0,1007.0,2539.0,2417.0,1569.0,1128.6,1056.6,1171.0,1554.0,1122.2,1011.0,1452.0,1307.0,1243.0,2153.0,2392.0,1369.0,2682.0,1274.0,1518.0,1924.0,2286.0,1826.8,2051.0,2541.0,2659.0,1797.0,1395.0,1579.0,1678.0,784.6,694.0,2434.0,2288.0,2055.0,1541.0,2387.0,2193.0,2071.0,1253.0,1640.0,2030.0,1029.0,1753.0,2013.0,1574.0,2015-04-01
22,6459.0,7062.0,6575.0,6362.0,6636.0,6073.0,4980.0,5584.0,5626.0,5516.0,5405.0,4355.0,5114.0,4312.0,3012.2,3918.0,3054.0,5073.0,4591.0,4989.0,5002.0,4779.0,4630.0,4408.0,3240.0,3298.0,3037.0,2760.0,3158.6,4272.0,2996.0,2790.0,2563.0,4512.0,3043.0,1977.0,3969.0,2454.0,2753.0,2338.0,1919.0,2675.0,4550.0,3504.0,2991.0,3831.0,3475.0,1914.0,2364.0,2507.0,2087.0,1949.0,1898.0,2595.0,2490.0,1407.6,2330.0,1411.0,1661.0,2406.0,1976.0,1538.0,2062.0,2354.0,2514.0,1782.0,1477.0,1190.0,1559.0,1100.0,1545.0,2675.0,2065.0,2211.2,1749.0,1366.0,2823.0,2697.0,1960.0,2207.0,1709.0,1921.0,1598.0,1086.0,1003.0,1320.0,1433.0,2001.0,1539.0,1255.0,3121.0,3270.0,3203.0,3143.0,2538.0,1348.0,1422.0,2840.0,2322.6,2724.0,1599.0,1569.0,1970.0,2574.0,1347.0,1155.0,1193.0,1685.2,2650.0,2441.0,1265.0,1137.0,1274.0,2330.0,2420.0,1600.0,975.8,946.0,1125.0,1483.0,1049.0,1059.0,1414.0,974.0,765.0,2005.0,2376.0,1391.0,2483.0,1320.4,2075.0,2128.0,2449.0,1664.0,2077.8,2639.0,2834.0,1737.0,1142.0,1764.0,1606.0,855.0,729.0,2065.0,2326.0,2161.8,1524.0,2271.0,2129.0,2153.0,1197.0,1644.0,2304.0,946.0,1969.0,1454.0,1935.0,2015-07-01
23,6199.0,5911.0,6911.0,6063.0,6086.0,6299.0,4960.0,5328.0,5703.0,5419.0,5148.0,4422.0,5470.0,4360.0,3073.0,3598.0,3274.0,5015.0,4781.0,4816.0,5023.0,4069.0,5180.0,4670.0,3122.0,3176.0,3174.0,2386.0,3192.0,4124.0,3171.0,2756.8,2480.4,4365.0,2902.0,2176.0,4007.0,2618.0,2778.0,2381.0,2108.0,2636.0,4607.0,3435.0,3155.0,4150.8,3609.0,1602.0,1904.0,2482.0,2217.0,1981.0,1781.6,2834.0,2302.8,1510.0,2021.0,1349.0,1761.0,2326.0,2025.0,1693.2,2141.0,2413.6,2351.0,1646.0,1411.0,1290.0,1494.0,1233.6,1587.0,2796.0,1866.0,2117.8,1773.0,1282.0,2823.0,2433.0,2067.0,2703.0,1791.4,2130.0,1469.0,1235.6,1104.0,1250.0,1317.0,1640.0,1339.0,1080.0,3171.0,3239.0,3157.0,3052.0,2366.0,1680.0,1351.0,2849.0,2301.0,2835.0,1874.0,1690.0,2047.0,2563.0,1564.0,1222.0,1244.0,1970.0,2720.0,2403.0,1251.0,857.0,1135.8,2336.4,2480.0,1403.0,1110.8,962.0,1126.8,1371.0,1152.0,937.0,1315.0,922.0,1487.0,2061.0,2257.0,1342.0,2387.0,1310.2,1603.8,2068.0,2256.0,1853.0,2025.0,2576.0,2289.0,1783.0,1407.0,1550.0,1388.0,768.0,1080.0,2437.0,2245.0,2145.0,1581.0,2231.0,2179.0,2015.0,1055.0,1733.0,2071.0,1022.0,1673.0,1652.0,1753.0,2015-10-01
24,6137.0,6158.0,6658.0,6281.0,6191.0,5726.0,5009.0,5043.0,5815.0,5746.8,5362.0,4617.0,5125.2,4154.0,2865.0,3746.6,2570.0,5015.0,4780.0,4601.0,5099.0,4305.0,5069.0,4550.0,3290.0,3395.0,3216.0,2490.0,3089.0,4043.0,3052.0,2802.0,2271.0,4206.0,2988.2,2030.0,3966.6,2732.0,2773.0,2398.0,2054.0,2664.0,4867.0,3426.0,3009.0,3956.0,3459.0,2036.0,2316.2,2421.0,1896.0,2078.0,1627.0,2620.0,2235.0,1466.6,2000.8,1743.0,1594.0,2430.0,1823.0,1840.0,2043.0,2294.0,2466.0,1709.8,1563.0,1089.0,1365.0,1196.0,1213.0,2781.0,1987.6,2123.0,1732.0,1311.0,2784.0,2622.0,1959.6,2890.0,1868.0,1537.0,1519.0,1292.8,938.0,1595.0,1100.0,1923.0,1684.0,1117.0,3338.0,3302.2,3000.8,3232.0,2757.0,1221.0,1534.0,2841.0,2334.0,2775.0,1828.0,1779.0,2034.0,2510.0,1772.0,1238.6,1224.0,1534.0,2912.0,2478.0,1328.0,976.0,987.0,2477.0,2545.0,1582.0,1071.0,1083.6,1353.0,1491.4,1004.0,996.2,1566.0,1286.0,1290.2,2217.0,2254.0,1371.2,2449.2,1116.0,1562.2,1946.0,2381.0,1869.0,2096.4,2388.0,2213.0,1755.0,1366.2,1791.0,1378.0,693.0,917.0,2106.0,2276.0,2142.4,1692.0,2251.0,2066.0,2131.4,1411.0,1615.0,1951.0,901.0,2173.0,1986.0,1511.0,2016-01-01
25,6337.0,6482.0,6695.0,6466.0,6453.0,6515.0,4831.0,5249.2,5798.0,5922.0,5714.0,4393.0,5178.0,4361.0,3075.0,3838.0,3175.0,5038.0,5021.0,4873.0,4932.0,4547.0,5319.0,4691.0,3557.0,3101.0,3059.0,2521.0,3036.0,4436.0,3291.0,2803.0,2587.0,4673.0,2861.0,2109.0,3982.2,2517.0,2917.0,2372.8,1912.0,2596.0,4699.0,3615.0,3049.0,3927.0,3620.0,2154.0,2364.0,2428.0,2091.0,1746.0,1842.0,2783.0,2553.0,1170.0,2045.4,1178.0,1667.0,2190.0,2136.0,1375.0,2114.0,2415.2,2470.0,1577.0,1266.0,1293.0,1612.0,1084.0,1313.0,2897.0,2131.0,2269.6,1776.0,1264.0,2703.0,2937.0,2103.0,2948.0,1762.0,1988.0,1420.0,1277.6,860.0,1656.0,974.0,2158.0,1513.2,1304.0,3043.0,3388.0,3084.6,3122.0,2424.0,1397.0,1635.0,2934.0,2412.0,2821.0,1743.0,1618.0,2186.0,2439.0,1535.0,1178.8,1264.6,1658.0,2862.0,2437.8,984.0,929.0,1100.0,2438.0,2504.0,1453.8,861.0,1032.0,1140.0,1488.0,1038.4,1036.0,1551.0,854.0,971.0,2171.0,2139.0,1390.6,2361.8,1366.0,1762.0,1968.0,2389.0,1953.0,2164.0,2738.0,2593.0,1759.4,1316.0,1805.0,1458.6,776.0,791.0,2358.0,2215.0,2147.2,1327.0,2419.0,2058.0,2262.0,1242.0,1716.0,1961.0,880.0,1782.0,1883.0,1903.4,2016-04-01
26,5640.0,6199.0,6932.0,6434.0,6227.0,6540.0,5209.0,5116.4,5613.0,5929.0,5390.0,4637.0,5371.0,4334.0,3069.0,3761.8,3616.0,5243.0,4595.0,4714.2,5237.0,4502.0,5416.0,4582.0,3491.0,3153.0,3300.0,2423.0,3076.8,3900.0,3247.0,2712.0,2349.0,4398.0,3018.0,2055.0,3960.0,2438.0,2850.0,2411.0,1868.0,2642.6,4633.2,3617.0,3090.0,3857.0,3830.0,2031.4,2457.0,2718.0,2078.0,2166.0,1785.0,2880.0,2072.0,1391.0,1965.0,2054.0,1721.0,2147.0,2164.0,1723.2,2039.0,2328.0,2283.0,1543.0,1384.0,1129.0,1637.0,1284.0,1745.0,2865.0,2032.4,2125.4,1694.0,1301.0,2826.0,2837.0,2145.0,2527.0,1815.6,2016.0,1515.0,1223.6,896.0,1235.0,1405.0,1957.0,1443.0,1067.0,3171.0,3413.0,3061.0,3172.0,2348.0,1450.0,1518.4,2845.0,2877.0,2784.0,1740.0,1753.0,2076.0,2453.0,1623.0,1171.0,1169.0,1575.0,2873.0,2422.0,1388.0,1122.0,1204.0,2312.0,2419.0,1533.4,982.6,1020.2,1135.0,1361.0,1144.0,1162.0,1652.0,1258.0,1288.0,2135.0,2381.0,1429.0,2039.0,1347.0,1673.0,1754.0,2260.0,1839.0,2183.0,2647.0,2406.4,1712.0,1224.0,1647.0,1473.0,590.0,848.0,2386.0,2243.0,2060.0,1490.0,2553.0,2222.0,2337.0,1330.0,1534.0,1766.0,969.0,1714.0,1941.0,2030.0,2016-07-01
27,6087.0,6627.0,7199.0,6663.0,6280.0,6422.0,5189.0,5232.0,5768.0,5881.0,5609.0,4555.0,5290.0,4805.0,3294.0,3972.2,3163.4,5334.0,5286.0,4765.0,5181.0,5023.0,5305.0,4824.0,3482.2,3259.0,3131.0,2663.0,2844.0,4357.0,3143.0,2890.0,2357.0,4572.0,3047.0,1983.0,4015.0,2585.0,2711.0,2336.0,2020.0,2565.0,4456.0,3694.0,2910.0,3808.4,3755.0,2293.0,2659.0,2460.0,2202.0,1996.6,1786.0,2904.0,2049.0,1302.0,2088.8,2153.0,1720.0,2140.0,1824.0,1425.0,1996.0,2568.0,2363.0,1697.6,1382.0,1198.0,1598.0,1125.0,1358.0,2928.0,2006.0,2293.0,1776.0,1357.0,2883.0,2879.0,2078.0,2988.0,1761.0,2077.0,1367.0,1277.6,981.0,1409.4,1454.0,1983.0,1561.0,1261.0,3265.0,3347.6,3075.0,3149.0,2348.0,1286.0,1661.0,3039.0,2487.0,2735.0,1666.0,1699.0,2088.0,2535.0,1369.0,1157.0,1493.0,1637.0,2648.0,2425.0,1881.0,929.0,1249.0,2320.0,2451.0,1330.0,833.0,985.8,1138.0,1560.0,843.0,932.0,1337.0,1405.0,972.0,2190.0,2284.0,1356.0,2343.6,1345.0,1920.0,1796.0,2210.0,1867.0,2112.6,2253.0,2553.2,1703.8,1188.0,1911.0,1448.0,671.0,903.0,2147.0,2164.0,2358.0,1277.0,2424.0,2139.8,2210.8,1576.0,1516.0,1820.0,970.0,1984.0,1824.0,2044.0,2016-10-01
28,6454.0,6827.0,7244.0,6576.0,7260.0,6748.0,5253.0,5059.0,6027.0,5802.0,5919.0,4472.0,5116.0,4565.0,3366.0,4062.0,3130.0,5291.0,5291.0,5353.0,5257.0,4569.0,5520.0,5103.0,3372.0,3215.2,3204.0,3112.0,2918.0,4254.0,3179.0,2861.6,2648.0,4700.0,2955.0,2033.0,3960.0,2435.0,2921.0,2622.0,1973.4,2775.0,5127.0,3668.0,3291.0,3879.0,3547.0,2024.0,2383.6,2267.0,1965.0,2002.2,1830.0,2753.0,2349.0,1143.0,1851.0,1313.0,1608.0,2329.0,2132.0,1505.0,2183.0,2413.4,2482.0,1867.0,1669.0,1208.0,1901.0,1137.8,1439.0,2918.0,2087.8,2463.0,1878.0,1292.0,2988.0,2726.0,2196.0,2283.0,1630.0,1973.4,1676.0,1250.0,1085.0,1368.0,1156.0,1737.0,1670.0,1108.0,3314.0,3284.0,3065.0,3112.0,2507.0,1464.6,1598.0,3043.0,2476.0,2753.0,1882.0,1677.0,2424.0,2533.0,1444.0,1189.0,1174.0,1389.0,2973.0,2461.0,1903.0,1051.0,1166.0,2327.0,2140.0,1354.0,1224.0,1039.0,951.0,1308.0,862.0,999.6,1400.0,1078.8,967.4,1950.0,2268.0,1330.0,2617.0,1478.0,1801.2,1962.0,2292.0,1650.0,2220.0,2626.0,2638.8,1705.2,1225.0,1676.2,1159.0,530.0,786.6,2309.0,2122.0,1912.0,1500.0,2389.0,2287.0,2099.0,1683.0,1868.0,2121.0,891.0,1889.0,1468.0,1997.0,2017-01-01
29,6498.0,6648.0,7222.0,7210.0,6669.0,6801.0,5331.0,5432.0,5953.0,6660.0,5825.0,4755.0,5108.0,4665.0,3134.0,4445.0,3402.0,5079.0,5241.0,5309.0,5420.0,5014.0,5450.0,5104.0,3833.0,3418.0,3257.0,2574.0,2935.8,4157.0,3281.0,2938.0,2496.0,4469.0,3196.0,2026.0,4006.2,2560.0,2635.0,2341.0,2055.0,2587.0,5144.0,3802.0,3196.2,3471.0,3665.4,2076.2,2402.2,2366.0,2185.0,2044.0,2007.0,2691.0,2235.8,1408.0,2093.0,1777.0,1677.0,2155.0,2109.0,1536.6,2241.0,2359.0,2459.0,1719.0,1292.0,1139.0,2121.0,1138.8,1160.0,2971.0,2002.0,2249.0,1709.0,1256.0,3128.0,2658.0,2091.0,3052.0,1836.0,2006.0,1487.0,1333.0,1237.0,1241.0,1492.0,2097.0,1572.2,1298.0,3510.0,3383.0,3093.8,3146.2,2474.0,1436.0,1574.0,2959.0,2612.0,2867.0,1841.6,1652.0,2174.0,2460.0,1237.0,1217.4,1226.6,1581.0,2809.0,2553.0,1365.0,1092.0,1120.0,2476.0,2367.0,1515.8,1203.0,957.4,937.0,1699.0,1141.0,1020.2,1368.0,1230.0,1058.0,1990.0,2294.0,1315.2,1981.0,1402.4,1688.2,2244.0,2403.0,1775.0,1992.8,2739.0,2837.0,1694.0,1096.0,1568.0,1376.2,645.0,744.0,2451.0,1975.0,2128.0,1210.0,2420.0,2224.0,2203.0,1454.0,1624.0,2284.0,825.0,2156.0,1856.0,1883.0,2017-04-01
30,7248.0,6747.0,7383.0,6675.0,6822.0,6527.0,5446.0,5285.0,6129.0,6132.4,5857.0,4851.0,5446.0,4468.0,2988.0,4136.0,3465.0,5537.0,5398.0,5228.0,5522.0,4955.0,5348.0,4864.0,3460.0,3083.0,3299.0,2654.0,2728.0,4370.0,3257.0,2893.4,2531.0,4855.0,3354.0,2074.0,4134.0,2467.0,2878.0,2468.0,1961.0,2489.0,5027.0,3723.8,3377.0,4080.0,3708.0,2076.2,2347.0,2760.0,1910.0,1970.0,1931.0,2685.0,2138.0,1257.0,2205.0,1502.0,1540.0,2261.0,1867.0,1536.6,2366.0,2458.0,2529.0,1771.0,1476.0,1220.0,2085.0,1096.0,1309.0,3054.0,2235.0,2424.0,1695.0,1393.0,2860.0,2811.4,2125.0,2826.0,1809.0,1875.0,1624.0,1213.4,1262.0,1177.0,1516.0,1843.0,1737.0,1216.6,3413.0,3349.0,2889.0,3304.0,2490.0,1471.0,1574.0,3065.0,2393.0,2988.0,1928.8,1799.0,2188.0,2478.0,1416.8,1289.0,1315.0,1673.0,2963.0,2401.0,1758.0,926.0,1087.0,2923.0,2383.0,1670.0,1622.0,933.4,1057.6,1224.0,1007.8,1006.0,1361.0,931.0,1071.0,2160.0,2189.0,1245.0,2598.0,1364.0,1775.0,1655.0,2474.0,1786.0,2056.0,2534.0,2636.8,1621.0,1236.0,1333.0,1413.0,658.0,766.0,2117.0,2111.0,2355.0,1488.0,2318.0,2341.0,2259.8,1540.0,1659.0,1839.0,994.0,1987.0,1992.0,2030.0,2017-07-01
31,7019.0,7357.0,7327.0,7070.0,6533.0,6542.0,5690.0,5711.0,6059.0,6397.0,5877.0,3942.0,5807.0,4531.0,3271.8,4272.6,3476.0,5408.0,5038.0,5714.0,5551.0,5266.0,5574.0,5100.0,3573.2,3343.0,3592.0,2546.0,3153.0,4655.0,3306.0,2887.0,2469.0,4936.0,3203.0,1897.0,3962.0,2531.0,2653.0,2503.0,1942.6,2637.0,5072.4,3880.2,3354.0,3763.0,3697.0,2113.0,2184.0,2277.0,2188.0,2106.0,1896.0,2742.2,2090.0,1318.4,2061.0,1094.0,1514.0,2246.0,1773.0,1507.8,2002.0,2509.0,2599.0,1759.0,1410.8,1031.0,1344.0,1111.6,1288.0,3082.0,2485.0,2452.0,1836.6,1313.0,3234.0,2857.0,2265.0,3071.0,1978.0,1891.0,1448.0,1192.0,1210.4,1220.0,1628.0,1842.0,1450.0,1112.0,3294.0,2953.0,3251.0,3044.0,2601.0,1559.0,1497.0,3089.0,2375.0,2789.0,1986.0,1944.0,2249.0,2638.0,1491.0,1227.8,982.0,1514.0,2770.0,2592.0,1539.0,1079.0,1130.2,2552.4,2382.4,1458.6,1299.0,956.0,1079.0,1299.0,1032.0,965.0,1331.0,1391.0,1082.0,2245.0,2306.0,1244.6,2635.0,1405.0,1563.0,1932.0,2345.0,1547.0,1677.0,2590.0,2641.0,1762.0,1201.0,1547.0,1388.0,694.0,652.0,2191.0,2028.0,2129.0,1421.0,2493.0,2370.0,2240.0,1763.0,1855.0,2033.0,885.0,2117.0,1848.0,2020.6,2017-10-01
32,6811.0,5881.0,7059.0,7327.0,7059.0,7329.0,5803.0,5873.0,6272.0,6478.6,6122.0,4861.0,5781.0,3987.0,3128.0,4158.0,3657.0,5846.0,5523.0,5380.0,5539.0,5275.0,5370.4,5217.0,3782.0,3376.0,3071.0,2624.0,3294.0,4162.0,3204.0,2817.0,2290.0,4727.8,3597.0,2066.0,4066.4,2627.0,2788.0,2397.0,1896.4,2679.0,5351.0,3884.0,3302.2,4204.0,3675.0,2113.0,2797.0,2575.0,1950.0,1959.0,1913.2,2812.0,2581.0,1382.0,1637.0,1292.0,1429.0,2092.0,1800.0,1540.2,2463.0,2517.0,2518.0,1948.0,1478.2,1099.0,1927.2,1105.0,1417.0,3164.0,2232.2,2632.0,1829.0,1265.0,3289.0,3149.0,2162.0,3122.0,1827.4,1877.0,1519.2,1247.2,1175.0,1650.0,1496.0,1915.0,1420.0,1238.0,3525.0,3365.0,3229.6,3540.0,2785.0,1537.0,1479.0,3161.0,2924.0,3030.0,2321.0,1729.0,2336.0,3006.0,1699.0,1281.0,1226.0,1595.0,2873.0,2519.4,1921.0,1041.0,1058.8,2517.0,2382.4,1625.0,724.0,814.0,1081.0,1304.0,858.0,739.0,1644.0,1066.4,1138.0,1923.0,2292.0,1243.0,2739.0,1649.0,1510.0,2086.0,2265.0,1775.0,1828.0,2519.0,2614.0,1463.0,1332.0,1678.0,1250.0,694.0,846.0,2032.0,2214.0,2086.2,1222.0,2762.0,2172.0,2496.0,1364.0,1941.0,2067.0,779.0,2048.0,1929.0,1555.0,2018-01-01
33,7043.0,7829.0,7710.0,7469.0,7065.0,6939.0,5948.0,5770.4,6264.0,6492.0,6132.0,5047.0,5826.0,4552.0,3577.0,4177.0,3311.0,5802.0,5957.0,5719.0,5991.0,5366.0,5309.0,4976.0,3616.0,3473.2,3299.0,2626.0,3192.0,4365.0,3459.0,2845.0,2425.0,4921.0,3386.4,1952.4,4032.0,2616.0,2958.0,2428.0,1872.0,2436.0,5069.8,4397.0,3339.0,3800.0,3741.0,2011.6,2294.4,2515.0,2074.2,2115.0,1902.0,2848.0,2276.0,1482.0,1993.2,1315.0,1510.0,2115.0,1719.0,1512.2,2047.0,2341.0,2404.0,1668.8,1802.4,1089.8,2363.0,1392.0,1202.0,3075.0,2089.0,2456.0,1924.0,1349.4,3174.0,2760.0,2201.0,3007.0,1792.0,2241.0,1497.0,1201.4,1245.0,1458.0,1293.0,1850.0,1586.0,1149.2,3517.0,3477.0,3258.0,3299.0,2770.0,1548.0,1670.8,3154.0,2627.0,3108.0,2097.6,2035.0,2364.4,2686.0,1419.0,1388.0,1121.6,1588.0,3121.0,2470.0,2329.0,969.0,1124.0,2457.0,2681.0,1590.0,1154.4,826.0,1081.0,1533.0,1161.0,946.8,1518.0,1070.0,1264.0,1893.0,2349.0,1268.0,2243.0,1367.6,1504.0,2107.0,2357.0,1714.8,2271.0,2564.0,2499.0,1867.0,1109.0,1619.0,1309.2,655.0,697.2,2162.0,2428.0,1758.0,1284.0,2566.0,2018.0,2248.8,1582.0,1906.0,2478.0,759.0,1912.0,1989.0,2266.0,2018-04-01
34,7239.0,7694.0,7362.0,7207.0,7240.0,7039.0,6030.0,5990.0,6198.0,7042.0,6346.0,5048.0,5789.0,4451.0,3283.4,4324.8,3279.0,5574.0,6093.0,6127.0,5756.0,5556.0,5171.0,5094.0,3585.0,3200.0,3225.0,2720.0,3447.0,4732.0,3354.0,2949.0,2518.0,4458.0,3587.0,2060.0,4244.0,2775.0,2809.0,2475.8,1859.4,2712.0,5608.0,3840.0,3150.0,4602.0,3770.0,1996.0,2310.0,2573.0,1985.8,1839.0,1798.0,2734.0,2275.0,1477.8,2239.0,1386.0,1471.0,2261.0,2000.0,1512.2,2072.0,2424.0,2580.0,1608.0,1235.0,1105.0,1723.0,1008.0,1093.0,3190.0,2350.0,2668.0,1977.0,1329.0,3350.0,3269.0,2222.0,3043.0,1722.0,2051.0,1540.0,1206.0,1223.0,1386.0,1274.0,1872.0,1538.0,1154.0,3678.0,3341.0,3433.0,3375.0,2642.0,1523.0,1670.0,3354.0,2423.0,3077.0,2035.0,1694.0,2381.0,2694.0,1543.0,1116.0,1166.0,1550.0,2914.0,2470.0,1839.0,959.0,1027.0,2579.0,2341.0,1349.0,1154.4,828.0,1081.0,1456.0,1061.2,998.0,1550.0,808.0,1119.0,2055.0,2207.0,1216.0,2507.4,1367.6,1799.0,1937.8,2342.0,1552.0,1889.0,2786.0,2612.8,1538.0,1166.0,1593.0,1275.0,655.0,912.0,2247.0,2226.0,2061.0,1583.0,2563.0,2170.0,2495.0,1755.0,1669.0,1842.0,973.0,2376.0,1279.0,1927.0,2018-07-01
35,7055.0,7819.0,8532.0,7648.0,7619.0,7029.0,5665.0,5963.0,6421.0,6698.0,6129.0,4931.0,5824.0,4804.0,3435.4,4521.0,3235.0,5613.0,5827.0,5372.0,5923.0,5449.0,5428.0,5162.0,3628.2,3638.0,3161.0,2848.0,3115.0,4967.0,3235.0,3039.0,2252.0,5153.0,3252.0,1921.0,3959.0,2527.0,3010.0,2583.0,1859.4,2549.0,5152.0,4253.0,3194.0,3954.0,3910.0,2024.0,2391.0,2568.0,2014.0,1889.8,1692.0,2760.0,2288.6,1971.0,1617.0,1339.0,1678.0,2110.0,1753.0,1512.2,2015.0,2819.0,2511.0,1830.0,2664.0,989.2,1982.8,937.0,1177.0,3201.0,2408.0,2434.0,1878.0,1334.0,3483.0,2929.0,2356.4,3236.0,1737.0,1724.0,1686.0,1054.0,1118.0,1209.0,1213.0,1919.0,1550.0,1093.0,3890.0,3751.0,3207.0,3361.0,2447.0,1564.2,1889.0,3155.0,2409.0,3228.0,2026.0,1760.0,2078.0,2185.0,1459.0,1133.6,1213.4,1377.0,2834.0,2423.0,1987.0,841.0,1071.0,2428.0,2409.8,1495.0,1013.0,839.0,1079.0,1438.0,1105.0,749.0,1645.0,1248.0,1150.0,2083.0,2162.0,1251.0,2335.0,1103.0,1425.0,1711.0,2202.0,1833.0,1682.0,2561.0,2635.0,1529.0,1208.8,1465.0,1345.0,655.0,545.0,2181.0,2199.0,1999.0,1399.0,2464.0,2150.0,2299.0,1374.4,1673.0,2050.0,849.0,1856.0,1813.0,1700.0,2018-10-01
36,6914.0,7726.0,8787.0,7764.0,7440.0,7262.0,5882.0,5963.0,6386.0,6353.0,6216.0,5129.0,5894.4,4391.0,3461.2,4324.8,3424.0,5966.0,5727.0,5297.0,6002.0,5739.0,5422.0,5325.0,3273.0,3826.0,3188.2,2628.0,3169.0,4788.0,3430.0,3029.0,2385.0,5053.0,3437.0,1925.0,4318.0,2973.0,3043.0,2551.6,1859.4,2665.0,4389.0,4299.0,3558.0,4510.0,3735.0,2218.0,1895.0,2673.0,2348.0,2069.0,1798.0,2739.0,2395.0,1739.0,1955.0,1753.0,1395.0,1982.0,1964.0,1700.0,2048.8,2459.0,2339.0,1542.0,1918.0,989.2,1623.0,1009.0,1154.0,3415.0,2430.0,2561.0,1812.6,1277.0,3318.0,3182.0,2322.6,3312.0,1908.8,1932.0,1589.4,1300.0,1172.4,1487.0,1432.0,1803.0,1608.0,1105.0,3695.0,3700.0,3640.0,3770.0,2676.0,1564.2,1483.0,3310.0,2595.2,2943.0,2001.0,1698.0,2577.0,2538.0,1941.0,1024.0,971.0,1426.4,2770.0,2380.8,1550.0,859.0,973.8,2357.0,2332.0,1603.0,1217.0,839.0,1081.0,1336.0,1018.6,869.2,1443.0,1033.8,1099.8,1590.0,2267.0,1006.0,2368.2,1166.6,1571.0,1814.0,2190.0,1924.0,1878.0,2706.0,2748.8,1604.0,1208.8,1668.0,1125.0,655.0,671.6,2228.0,2003.0,1821.0,1685.0,2525.0,2264.0,1848.0,1672.0,1800.0,1968.0,966.0,1412.0,1708.0,2024.0,2019-01-01
37,7694.0,7732.0,7954.0,7908.0,7064.0,7089.0,5924.0,6245.0,6564.0,6423.0,6372.0,4309.0,5931.0,4661.0,3375.0,4240.0,3722.0,5975.0,5956.0,5124.0,6202.0,5115.0,5382.4,5498.0,3581.0,3619.0,3246.4,2514.0,3106.0,4963.0,3355.4,2977.0,2603.0,4895.0,3536.0,1810.0,3982.0,2633.0,3037.0,2537.4,1805.0,2565.0,5276.0,4009.0,3548.0,4250.0,3990.0,2098.0,2240.0,2597.6,1911.0,1843.8,1569.0,2849.0,2288.6,1297.0,1844.0,1140.0,1406.0,2085.0,1939.0,1512.2,1930.0,2601.0,2471.0,1593.0,1719.0,989.2,1815.0,817.0,1182.8,3326.0,2342.0,2555.0,1921.0,1378.0,3490.0,3208.0,2273.0,2969.0,1984.0,2371.0,1589.4,1255.0,1172.4,1467.0,1637.0,2050.0,1475.0,1282.0,3775.0,3573.4,3510.0,3337.6,2873.0,1563.0,1755.0,3295.0,2585.2,3105.0,2035.4,1760.0,2598.0,2568.2,1895.0,1152.0,1213.4,1426.4,2858.0,2590.0,1774.8,904.0,973.8,2482.0,2409.8,1297.0,1114.0,946.0,1242.0,1215.0,1037.2,1016.0,1504.0,972.0,1040.0,2098.0,2201.0,1130.0,2322.0,1317.0,1487.0,1806.8,2295.0,1856.0,2093.0,2867.0,2697.0,1617.0,1208.8,872.0,1231.8,835.0,611.0,2072.0,2283.0,1854.0,1144.0,2614.0,2179.6,2362.0,1370.0,1762.0,2139.0,911.0,2451.0,1982.0,2036.0,2019-04-01
38,6901.0,7404.0,8548.0,7551.0,7772.0,6692.0,6131.0,5995.4,6483.0,6964.0,6318.0,5163.0,5917.0,5091.0,3349.0,4528.0,3300.0,5654.0,5837.0,5044.0,5853.0,5958.0,5858.0,5322.2,4035.0,3551.4,3218.0,2951.0,3221.0,4885.2,3381.0,3077.0,2359.0,4721.0,3313.0,1898.0,3982.0,2691.0,2866.0,2530.4,1789.0,2592.0,5049.0,3925.0,3257.8,3666.0,3944.0,2024.0,2323.0,2505.0,1970.0,1668.0,1798.0,2704.0,2366.4,1595.0,1853.2,1187.0,1453.0,1999.0,1651.0,1512.2,2078.0,2203.0,2373.0,1596.0,1458.0,994.0,1821.0,776.0,1177.4,3351.0,2440.2,2347.0,1669.0,1378.0,3712.0,3363.0,2502.0,2918.0,2019.0,1898.0,1606.0,1189.2,1131.0,1870.0,1447.0,1610.0,1605.0,1054.0,3732.0,3623.0,3560.0,3361.0,2676.0,1558.0,1730.0,3321.0,2585.2,3228.0,2105.0,1755.0,2575.0,2640.0,1626.0,1097.0,1213.4,1239.0,2731.0,2344.0,1774.8,932.0,892.0,2797.0,2409.8,1444.2,1102.0,810.6,1081.0,1411.4,1150.0,827.0,1457.0,969.2,1099.8,2220.0,2167.0,1233.0,2380.0,1158.4,1407.0,1909.0,2435.0,1875.0,1944.2,2600.0,2675.0,1555.0,1208.8,1483.0,1231.8,655.0,584.0,2178.0,2054.0,2026.0,1423.0,2458.0,2382.0,2337.0,1391.0,1602.0,2179.0,995.0,2298.0,1941.0,1809.0,2019-07-01
39,7435.0,7491.0,8788.0,7626.0,7349.0,5971.0,6017.0,5738.0,6778.0,6698.0,6726.0,4976.0,6102.0,4667.0,3455.0,4324.8,3482.0,6062.0,5717.0,5226.0,5848.0,5603.0,5146.0,5402.0,3628.2,3474.0,3174.0,2775.0,3211.0,4913.0,3348.0,3065.2,2286.0,5074.0,3568.0,1859.0,3794.0,2491.0,3139.0,2551.6,1870.0,2430.0,5058.0,3799.0,3146.0,3840.0,3874.0,1722.0,2503.0,2827.0,2072.0,1828.0,1798.0,2502.0,2407.0,1486.0,1611.0,1333.6,1296.0,2064.0,1913.0,1696.0,2117.0,2475.0,2376.0,1392.0,1798.8,882.0,1982.8,866.2,1177.4,3207.0,2437.0,2160.0,1671.0,1363.0,3374.0,3181.4,2415.0,3121.0,2012.0,2033.2,1618.0,1189.2,1145.0,1342.0,1393.0,2042.0,1397.0,1156.8,3761.0,3675.0,3504.4,3292.0,2648.0,1490.0,1719.0,3371.0,2705.0,3077.0,2035.4,1860.0,2455.2,2636.0,1588.0,1038.0,1213.4,1378.0,2573.0,2259.0,1169.0,883.0,973.8,2470.8,2409.8,1398.0,1217.0,869.0,1079.0,1356.0,913.0,756.0,1319.0,915.0,893.0,1886.0,2289.0,1177.6,2561.0,936.0,1416.0,1431.0,2475.0,1815.0,1537.0,2834.0,2725.0,1568.2,1208.8,1452.0,1321.0,695.0,671.6,1999.0,1881.0,1915.0,1547.0,2597.0,2178.0,2181.0,1149.0,1772.0,2307.0,731.0,2397.0,2019.0,2127.0,2019-10-01
40,7573.0,7331.0,8634.0,7792.0,7812.0,7302.0,6261.0,6836.0,6795.0,7258.0,6579.0,4695.0,5902.0,4587.0,3421.0,4324.8,3457.0,6194.0,6062.0,5251.0,5928.0,5910.0,5382.4,5573.0,3636.0,3551.4,3454.0,2825.0,3193.4,5218.0,3355.4,3204.0,2473.0,4968.0,3548.0,1920.0,3881.0,2653.0,2962.0,2776.0,1859.4,2540.0,5988.0,4011.6,3062.0,4297.0,3987.0,2086.0,2362.0,2445.0,1799.0,1769.0,1798.0,2874.0,2366.4,1595.0,1853.2,1249.0,1397.4,2248.0,1558.0,1512.2,1903.0,2594.0,2289.0,1786.0,1798.8,934.0,2292.0,792.0,1177.4,3553.0,2925.0,2646.0,1784.0,1331.0,3282.0,3225.0,2391.0,3279.0,1957.0,2033.2,1753.0,1131.0,1172.4,1565.0,1500.0,1904.2,1200.0,1250.0,3808.0,3665.4,3605.0,3507.0,2608.8,1687.0,1779.0,3375.0,2762.0,3332.0,2035.4,1935.0,2448.0,3185.0,1366.0,1121.0,1633.0,1398.2,2728.0,2288.0,1774.8,822.0,961.0,2290.0,2312.0,1587.0,1037.0,598.0,1081.0,1515.0,857.0,757.0,1548.0,903.0,1099.8,1857.0,2499.0,1219.6,2055.0,1072.0,927.0,1876.0,2470.0,1700.0,2138.0,2709.0,2951.0,1224.0,1208.8,1712.0,1093.0,557.0,671.6,2107.0,2012.0,1875.0,1397.0,2762.0,2171.0,2250.8,1099.0,2051.0,2136.8,831.0,2182.0,2103.0,1850.0,2020-01-01
41,7398.0,8389.0,8106.0,8107.0,7905.0,7584.0,6552.0,6080.6,7009.0,7019.0,6856.0,5269.0,6169.0,4914.0,3550.0,4324.8,3427.6,5880.4,6290.0,5832.0,6547.0,6015.0,5405.0,5639.0,4217.0,3551.4,3163.0,2901.0,3314.0,4704.0,3349.6,2893.0,2353.0,4958.0,3954.0,1981.0,4354.0,2756.0,2983.6,2537.4,1859.4,2564.0,5262.0,4072.0,3563.0,4135.4,3931.0,2024.0,2423.0,2431.0,1879.0,1647.0,1798.0,2884.0,2479.0,1595.0,1853.2,1506.0,1154.0,2135.0,1649.0,1235.0,2117.0,2205.0,2092.0,1403.0,1798.8,1002.8,1492.0,866.2,1261.0,3370.0,2491.0,2848.0,1845.8,1298.0,3457.0,3502.0,2638.0,3261.0,1883.8,2033.2,1597.0,1189.2,1172.4,1311.0,1387.0,1900.0,1667.0,1156.8,3876.0,3937.0,3750.0,3729.0,2434.0,1564.2,1884.0,3373.0,2812.0,3161.0,2010.0,1797.0,2568.0,3328.0,1657.4,1270.0,1213.4,1447.0,2831.0,2380.8,1774.8,702.0,821.0,2747.0,2409.8,1446.8,1037.4,810.6,1081.0,1247.0,764.0,988.0,1407.0,1226.0,1152.0,1734.0,2473.0,1167.2,2330.6,1215.4,1317.0,1601.0,2289.0,1837.6,1719.0,2862.0,3210.0,1384.0,1208.8,1673.0,1096.0,655.0,706.0,2162.0,1998.0,1915.0,1307.0,2616.0,2395.0,2075.0,1168.0,1736.0,2009.0,907.0,1948.0,2015.0,1798.0,2020-04-01
