,Postal code,Building type,2020Q1 Price per square meter (EUR/m2),2020Q2 Price per square meter (EUR/m2),2020Q3 Price per square meter (EUR/m2),2020Q4 Price per square meter (EUR/m2),2021Q1* Price per square meter (EUR/m2),2021Q2* Price per square meter (EUR/m2),label6,label8,label10,Location
0,00100,"Blocks of flats, one-room flat",7802.0,8543.0,9170.0,7517.0,8872.0,8596.0,5,5,9,Helsinki Keskusta - Etu-Töölö   (Helsinki )
6,00120,"Blocks of flats, one-room flat",7959.0,8230.0,9132.0,9132.0,9132.0,9132.0,5,5,9,Punavuori   (Helsinki )
18,00140,"Blocks of flats, one-room flat",9509.0,9464.0,9309.0,9154.0,9177.0,9177.0,5,5,9,Kaivopuisto - Ullanlinna   (Helsinki )
24,00150,"Blocks of flats, one-room flat",8663.0,8177.0,9316.0,8790.0,9001.0,9420.0,5,5,9,Eira - Hernesaari   (Helsinki )
30,00160,"Blocks of flats, one-room flat",8151.666666666667,8280.111111111111,8408.555555555555,8537.0,8327.0,8327.0,5,5,9,Katajanokka   (Helsinki )
36,00170,"Blocks of flats, one-room flat",8997.0,8325.0,8656.0,9414.0,7987.0,8593.0,5,5,9,Kruununhaka   (Helsinki )
42,00180,"Blocks of flats, one-room flat",8614.0,8809.0,9004.0,9211.0,9418.0,8684.0,5,5,9,Kamppi - Ruoholahti   (Helsinki )
54,00200,"Blocks of flats, one-room flat",7231.25,7379.5,7527.75,7676.0,7676.0,7676.0,5,5,9,Lauttasaari   (Helsinki )
60,00210,"Blocks of flats, one-room flat",6709.461538461538,6779.307692307692,6849.153846153846,6919.0,5885.0,5885.0,5,5,9,Vattuniemi   (Helsinki )
78,00250,"Blocks of flats, one-room flat",7047.0,7887.0,8026.0,7173.0,7759.0,8472.0,5,5,9,Taka-Töölö   (Helsinki )
84,00260,"Blocks of flats, one-room flat",8184.333333333333,8380.0,8345.0,8310.0,8203.0,8545.0,5,5,9,Keski-Töölö   (Helsinki )
90,00270,"Blocks of flats, one-room flat",8677.0,7743.0,7833.0,7739.0,8013.0,8549.0,5,5,9,Pohjois-Meilahti   (Helsinki )
96,00280,"Blocks of flats, one-room flat",5818.0,5818.0,5818.0,5818.0,5818.0,5818.0,3,3,5,Ruskeasuo   (Helsinki )
114,00310,"Blocks of flats, one-room flat",4117.0,4117.0,4117.0,4117.0,4117.0,4117.0,2,1,1,Kivihaka   (Helsinki )
120,00320,"Blocks of flats, one-room flat",6545.6,6703.2,6860.8,7018.4,7176.0,7176.0,5,5,9,Etelä-Haaga   (Helsinki )
126,00330,"Blocks of flats, one-room flat",7891.333333333334,8068.666666666667,8246.0,7755.5,7265.0,7265.0,5,5,9,Munkkiniemi   (Helsinki )
138,00350,"Blocks of flats, one-room flat",5965.142857142857,6085.857142857143,6206.571428571428,6327.285714285714,6448.0,6133.0,3,3,5,Munkkivuori-Niemenmäki   (Helsinki )
144,00360,"Blocks of flats, one-room flat",3317.0,3317.0,3317.0,3317.0,3317.0,3317.0,2,1,1,Pajamäki   (Helsinki )
150,00370,"Blocks of flats, one-room flat",4545.894736842105,4550.0,4564.0,3933.0,3933.0,3933.0,3,3,3,Reimarla   (Helsinki )
162,00390,"Blocks of flats, one-room flat",4495.8,4513.44,4531.08,4548.72,4566.36,4584.0,3,3,3,Konala   (Helsinki )
168,00400,"Blocks of flats, one-room flat",5876.5,5970.25,6064.0,6096.0,6128.0,6478.0,3,3,5,Pohjois-Haaga   (Helsinki )
180,00420,"Blocks of flats, one-room flat",4687.6,4730.8,4774.0,4653.5,4533.0,4533.0,3,3,3,Kannelmäki   (Helsinki )
192,00440,"Blocks of flats, one-room flat",4869.9,4881.6,4893.3,4905.0,4905.0,4905.0,3,3,3,Lassila   (Helsinki )
198,00500,"Blocks of flats, one-room flat",7350.0,7437.0,7223.0,7034.0,7489.0,7553.0,5,5,9,Sörnäinen   (Helsinki )
204,00510,"Blocks of flats, one-room flat",7279.0,7363.0,7103.0,7374.0,6749.0,7484.0,5,5,9,Etu-Vallila - Alppila   (Helsinki )
210,00520,"Blocks of flats, one-room flat",6786.0,6115.0,6523.0,6931.0,7201.0,7001.0,5,5,9,Itä-Pasila   (Helsinki )
216,00530,"Blocks of flats, one-room flat",7074.0,6760.0,7524.0,7183.0,7448.0,7687.0,5,5,9,Kallio   (Helsinki )
228,00550,"Blocks of flats, one-room flat",6548.0,6535.0,5951.0,6568.0,7185.0,7185.0,5,5,9,Vallila   (Helsinki )
234,00560,"Blocks of flats, one-room flat",6829.0,6976.0,7123.0,7093.0,7093.0,7093.0,5,5,9,Toukola-Vanhakaupunki   (Helsinki )
240,00570,"Blocks of flats, one-room flat",5125.0,5125.0,5125.0,5125.0,5125.0,5125.0,3,3,3,Kulosaari   (Helsinki )
264,00610,"Blocks of flats, one-room flat",5960.5,5933.666666666667,5906.833333333333,5880.0,5880.0,5880.0,3,3,5,Käpylä   (Helsinki )
276,00630,"Blocks of flats, one-room flat",4236.0,4236.0,4236.0,4236.0,4236.0,4236.0,3,3,3,Maunula-Suursuo   (Helsinki )
282,00640,"Blocks of flats, one-room flat",3991.0,3991.0,3991.0,3991.0,3991.0,3991.0,2,1,1,Oulunkylä-Patola   (Helsinki )
318,00700,"Blocks of flats, one-room flat",4261.666666666667,4314.0,4495.333333333333,4676.666666666667,4858.0,4858.0,3,3,3,Malmi   (Helsinki )
324,00710,"Blocks of flats, one-room flat",4004.516129032258,4021.258064516129,4038.0,3882.0,3882.0,3882.0,2,1,1,Pihlajamäki   (Helsinki )
330,00720,"Blocks of flats, one-room flat",4088.0,4155.0,4222.0,4289.0,4356.0,4356.0,3,3,3,Pukinmäki-Savela   (Helsinki )
336,00730,"Blocks of flats, one-room flat",3377.0,3377.0,3377.0,3377.0,3377.0,3377.0,2,1,1,Tapanila   (Helsinki )
342,00740,"Blocks of flats, one-room flat",3474.0,3474.0,3474.0,3474.0,3474.0,3474.0,2,1,1,Siltamäki   (Helsinki )
366,00780,"Blocks of flats, one-room flat",3591.0,3591.0,3591.0,3591.0,3591.0,3591.0,2,1,1,Tapaninvainio   (Helsinki )
378,00800,"Blocks of flats, one-room flat",4866.0,4866.0,4866.0,4866.0,4866.0,4866.0,3,3,3,Länsi-Herttoniemi   (Helsinki )
384,00810,"Blocks of flats, one-room flat",5975.625,6021.75,6067.875,6114.0,6114.0,6114.0,3,3,5,Herttoniemi   (Helsinki )
390,00820,"Blocks of flats, one-room flat",4593.0,4593.0,4593.0,4593.0,4593.0,4593.0,3,3,3,Roihuvuori   (Helsinki )
402,00840,"Blocks of flats, one-room flat",4762.75,4734.833333333333,4706.916666666667,4679.0,4744.0,4294.0,3,3,3,Laajasalo   (Helsinki )
426,00900,"Blocks of flats, one-room flat",4257.0,4257.0,4257.0,4257.0,4257.0,4257.0,3,3,3,Puotinharju   (Helsinki )
432,00910,"Blocks of flats, one-room flat",4486.25,4521.4375,4556.625,4591.8125,4627.0,4627.0,3,3,3,Puotila   (Helsinki )
438,00920,"Blocks of flats, one-room flat",3883.0,3883.0,3883.0,3883.0,3883.0,3883.0,2,1,1,Myllypuro   (Helsinki )
450,00940,"Blocks of flats, one-room flat",3247.0,3334.5,3422.0,3509.5,3597.0,3597.0,2,1,1,Kontula - Vesala   (Helsinki )
462,00960,"Blocks of flats, one-room flat",4175.615384615385,4232.307692307692,4289.0,4289.0,4289.0,4289.0,3,3,3,Pohjois-Vuosaari   (Helsinki )
468,00970,"Blocks of flats, one-room flat",3978.0,3999.6666666666665,4021.3333333333335,4043.0,4043.0,4043.0,2,1,1,Mellunmäki   (Helsinki )
474,00980,"Blocks of flats, one-room flat",4169.692307692308,4190.461538461538,4211.2307692307695,4232.0,4141.0,4141.0,2,1,1,Etelä-Vuosaari   (Helsinki )
480,00990,"Blocks of flats, one-room flat",5413.0,5413.0,5413.0,5413.0,5413.0,5413.0,3,3,5,Aurinkolahti   (Helsinki )
498,01200,"Blocks of flats, one-room flat",2351.0,2351.0,2351.0,2351.0,2351.0,2351.0,0,4,4,Hakunila   (Vantaa )
516,01280,"Blocks of flats, one-room flat",2833.0714285714284,2819.0,2819.0,2819.0,2819.0,2819.0,0,4,4,Länsimäki   (Vantaa )
522,01300,"Blocks of flats, one-room flat",5368.0,4694.0,4714.0,4039.0,5819.0,5427.0,3,3,3,Tikkurila   (Vantaa )
534,01350,"Blocks of flats, one-room flat",3619.0,3736.0,3853.0,4057.0,3897.0,3774.0,2,1,1,Hiekkaharju   (Vantaa )
540,01360,"Blocks of flats, one-room flat",2629.0,2630.0,2917.0,2706.0,2594.0,2826.0,0,4,4,Koivukylä-Havukoski   (Vantaa )
564,01400,"Blocks of flats, one-room flat",,,,,4661.0,4661.0,3,3,3,Rekola   (Vantaa )
576,01450,"Blocks of flats, one-room flat",3041.0,3041.0,3041.0,3041.0,3041.0,3041.0,0,4,4,Korso   (Vantaa )
582,01480,"Blocks of flats, one-room flat",2886.0,2919.6666666666665,2953.3333333333335,2987.0,2987.0,2987.0,0,4,4,Mikkola   (Vantaa )
612,01600,"Blocks of flats, one-room flat",3929.0,3565.0,3711.0,3857.0,4003.0,4149.0,2,1,1,Myyrmäki   (Vantaa )
618,01610,"Blocks of flats, one-room flat",2874.0,2874.0,2874.0,2874.0,2874.0,2874.0,0,4,4,Kaivoksela   (Vantaa )
624,01620,"Blocks of flats, one-room flat",3442.0,3505.0,3568.0,3631.0,3694.0,3757.0,2,1,1,Martinlaakso   (Vantaa )
642,01650,"Blocks of flats, one-room flat",2724.0,2724.0,2724.0,2724.0,2724.0,2724.0,0,4,4,Vapaala   (Vantaa )
672,01700,"Blocks of flats, one-room flat",,5107.0,5144.0,5106.0,5084.5,5063.0,3,3,3,Kivistö   (Vantaa )
678,01710,"Blocks of flats, one-room flat",3381.0,3381.0,3381.0,3381.0,3381.0,3381.0,2,1,1,Pähkinärinne   (Vantaa )
708,01800,"Blocks of flats, one-room flat",,,,,,2963.0,0,4,4,Klaukkala Keskus   (Nurmijärvi )
738,01900,"Blocks of flats, one-room flat",1614.7142857142858,1584.142857142857,1553.5714285714284,1523.0,1523.0,1523.0,1,2,2,Nurmijärvi Keskus   (Nurmijärvi )
750,02100,"Blocks of flats, one-room flat",6361.0,7604.0,7604.0,7604.0,7604.0,7604.0,5,5,9,Tapiola   (Espoo )
762,02120,"Blocks of flats, one-room flat",4522.0,4522.0,4522.0,4522.0,4522.0,4522.0,3,3,3,Länsikorkee-Suvikumpu   (Espoo )
792,02170,"Blocks of flats, one-room flat",5408.0,5408.0,5408.0,5408.0,5408.0,5408.0,3,3,5,Haukilahti   (Espoo )
804,02200,"Blocks of flats, one-room flat",5118.666666666667,5140.111111111111,5161.555555555556,5183.0,6057.0,6057.0,3,3,5,Niittykumpu   (Espoo )
810,02210,"Blocks of flats, one-room flat",4162.0,4236.0,4253.0,4307.0,4361.0,4361.0,3,3,3,Olari   (Espoo )
816,02230,"Blocks of flats, one-room flat",4824.0,4688.0,4536.0,4898.5,5261.0,5261.0,3,3,3,Matinkylä   (Espoo )
858,02320,"Blocks of flats, one-room flat",3800.0,3914.0,3656.0,3624.0,4195.0,4288.0,2,1,1,Espoonlahti   (Espoo )
864,02330,"Blocks of flats, one-room flat",,,,,5010.0,5010.0,3,3,3,Saunalahti-Kattilalaakso   (Espoo )
876,02360,"Blocks of flats, one-room flat",3987.7368421052633,4011.157894736842,4034.5789473684213,4058.0,4058.0,4058.0,2,1,1,Soukka   (Espoo )
894,02400,"Blocks of flats, one-room flat",2617.0,2617.0,2617.0,2617.0,2617.0,2617.0,0,4,4,Kirkkonummi Keskus   (Kirkkonummi )
900,02410,"Blocks of flats, one-room flat",2069.0,2069.0,2069.0,2069.0,2069.0,2069.0,1,7,8,Gesterby   (Kirkkonummi )
984,02600,"Blocks of flats, one-room flat",4932.928571428572,5020.142857142857,5107.357142857143,5194.571428571428,5281.785714285714,5369.0,3,3,5,Etelä-Leppävaara   (Espoo )
996,02620,"Blocks of flats, one-room flat",3592.0,3592.0,3592.0,3592.0,3592.0,3592.0,2,1,1,Karakallio   (Espoo )
1008,02650,"Blocks of flats, one-room flat",4660.2,4808.8,4957.4,5106.0,4949.0,4949.0,3,3,3,Pohjois-Leppävaara   (Espoo )
1026,02700,"Blocks of flats, one-room flat",4724.2,4787.8,4851.4,4915.0,4915.0,4915.0,3,3,3,Kauniainen   (Kauniainen )
1038,02720,"Blocks of flats, one-room flat",3416.6666666666665,3594.0,3594.0,3594.0,3594.0,3594.0,2,1,1,Lähderanta   (Espoo )
1056,02750,"Blocks of flats, one-room flat",4401.0,4401.0,4401.0,4401.0,4401.0,4401.0,3,3,3,Sepänkylä-Kuurinniitty   (Espoo )
1062,02760,"Blocks of flats, one-room flat",3094.0,3150.3333333333335,3206.6666666666665,3263.0,2877.5,2492.0,0,4,4,Tuomarila-Suvela   (Espoo )
1068,02770,"Blocks of flats, one-room flat",4016.6666666666665,4037.0,4057.3333333333335,4077.6666666666665,4098.0,4098.0,2,1,1,Espoon Keskus   (Espoo )
1128,03100,"Blocks of flats, one-room flat",2655.0,2655.0,2655.0,2655.0,2655.0,2655.0,0,4,4,Nummela   (Vihti )
1158,03400,"Blocks of flats, one-room flat",1632.0,1632.0,1632.0,1632.0,1632.0,1632.0,1,2,2,Vihti Kirkonkylä   (Vihti )
1164,03600,"Blocks of flats, one-room flat",1506.0,1506.0,1506.0,1506.0,1506.0,1506.0,1,2,2,Karkkila Keskus   (Karkkila )
1194,04200,"Blocks of flats, one-room flat",2659.3333333333335,2565.6666666666665,2472.0,3113.0,3158.0,3203.0,0,4,4,Kerava Keskus   (Kerava )
1206,04230,"Blocks of flats, one-room flat",2821.0,2821.0,2821.0,2821.0,2821.0,2821.0,0,4,4,Pihkaniitty   (Kerava )
1224,04260,"Blocks of flats, one-room flat",2539.0,2539.0,2539.0,2539.0,2539.0,2539.0,0,4,4,Savio   (Kerava )
1230,04300,"Blocks of flats, one-room flat",2756.0,2756.0,2756.0,2756.0,2756.0,2756.0,0,4,4,Hyrylä   (Tuusula )
1278,04400,"Blocks of flats, one-room flat",3327.0,3528.0,3357.0,2972.0,3452.0,3700.0,2,1,1,Loutti   (Järvenpää )
1284,04410,"Blocks of flats, one-room flat",2439.777777777778,2409.3888888888887,2379.0,2979.0,2985.0,2985.0,0,4,4,Järvenpää Keskus   (Järvenpää )
1302,04440,"Blocks of flats, one-room flat",2654.0,2654.0,2654.0,2654.0,2654.0,2654.0,0,4,4,Jamppa   (Järvenpää )
1326,04600,"Blocks of flats, one-room flat",,2936.0,2936.0,2936.0,2936.0,2936.0,0,4,4,Mäntsälä Keskus   (Mäntsälä )
1368,05200,"Blocks of flats, one-room flat",,,,,1527.0,1527.0,1,2,2,Rajamäki   (Nurmijärvi )
1422,05800,"Blocks of flats, one-room flat",2321.0,2259.3333333333335,2197.6666666666665,2136.0,2278.0,2278.0,0,4,4,Hyvinkää Keskus   (Hyvinkää )
1428,05810,"Blocks of flats, one-room flat",3215.0,3215.0,3215.0,3215.0,3215.0,3215.0,2,1,1,Martti   (Hyvinkää )
1440,05830,"Blocks of flats, one-room flat",1982.0,1964.5,1947.0,1947.0,1947.0,1947.0,1,7,7,Kirjavatolppa-Kruununpuisto   (Hyvinkää )
1458,05880,"Blocks of flats, one-room flat",1510.0,1510.0,1510.0,1510.0,1510.0,1510.0,1,2,2,Paavola-Vaivero   (Hyvinkää )
1464,05900,"Blocks of flats, one-room flat",2597.0,2597.0,2597.0,2597.0,2597.0,2597.0,0,4,4,Vieremä   (Hyvinkää )
1470,06100,"Blocks of flats, one-room flat",3449.0,3348.0,3129.0,3306.0,3540.0,3607.0,2,1,1,Porvoo Keskus   (Porvoo )
1476,06150,"Blocks of flats, one-room flat",2409.0,2409.0,2409.0,2409.0,2409.0,2409.0,0,4,4,Kevätkumpu   (Porvoo )
1662,07900,"Blocks of flats, one-room flat",1741.0,1741.0,1741.0,1741.0,1741.0,1741.0,1,2,2,Loviisa Keskus   (Loviisa )
1686,07940,"Blocks of flats, one-room flat",,,,787.0,787.0,787.0,4,6,6,Määrlahti   (Loviisa )
1710,08100,"Blocks of flats, one-room flat",2507.0,2601.0,2125.0,2323.0,2323.0,2323.0,0,4,4,Lohja Keskus   (Lohja )
1752,08700,"Blocks of flats, one-room flat",1701.0,1701.0,1701.0,1701.0,1701.0,1701.0,1,2,2,Virkkala   (Lohja )
1806,10300,"Blocks of flats, one-room flat",1380.0,1380.0,1380.0,1380.0,1380.0,1380.0,1,2,2,Karjaa Keskus   (Raasepori )
1884,10650,"Blocks of flats, one-room flat",1243.0,1243.0,1243.0,1243.0,1243.0,1243.0,4,0,0,Flyet   (Raasepori )
1914,10900,"Blocks of flats, one-room flat",2102.0,2102.0,2102.0,2102.0,2102.0,2102.0,1,7,8,Hanko Keskus   (Hanko )
1932,11100,"Blocks of flats, one-room flat",1613.8235294117646,1601.1176470588234,1588.4117647058824,1575.7058823529412,1563.0,1563.0,1,2,2,Riihimäki Keskus   (Riihimäki )
1944,11130,"Blocks of flats, one-room flat",1371.0,1371.0,1371.0,1371.0,1371.0,1371.0,1,2,2,Peltosaari-Patastenmäki   (Riihimäki )
2028,13100,"Blocks of flats, one-room flat",2246.0,1996.0,2280.0,2519.0,2484.0,2656.0,0,4,4,Hämeenlinna Keskus   (Hämeenlinna )
2040,13130,"Blocks of flats, one-room flat",1879.6,1774.0,1836.5,1899.0,2088.0,2277.0,1,7,8,Kauriala   (Hämeenlinna )
2046,13200,"Blocks of flats, one-room flat",2624.0,2624.0,2624.0,2624.0,2624.0,2624.0,0,4,4,Keinusaari   (Hämeenlinna )
2052,13210,"Blocks of flats, one-room flat",2312.6129032258063,2327.2903225806454,2341.967741935484,2356.6451612903224,2371.3225806451615,2386.0,0,4,4,Hätilä   (Hämeenlinna )
2094,13500,"Blocks of flats, one-room flat",1383.0,1383.0,1383.0,1383.0,1383.0,1383.0,1,2,2,Jukola   (Hattula )
2136,14200,"Blocks of flats, one-room flat",1091.0,1091.0,1091.0,1091.0,1091.0,1091.0,4,0,0,Turenki   (Janakkala )
2196,15100,"Blocks of flats, one-room flat",2320.3333333333335,2317.6666666666665,2315.0,2315.0,2315.0,2315.0,0,4,4,Lahti Asemanseutu   (Lahti )
2202,15110,"Blocks of flats, one-room flat",2662.0,2603.0,2544.0,2485.0,2955.0,2909.0,0,4,4,Keski-Lahti   (Lahti )
2208,15140,"Blocks of flats, one-room flat",2346.285714285714,2256.8571428571427,2167.4285714285716,2078.0,2658.0,2658.0,0,4,4,Kartano-Paavola   (Lahti )
2214,15150,"Blocks of flats, one-room flat",1855.3846153846155,1828.3076923076924,1801.2307692307693,1774.1538461538462,1747.076923076923,1720.0,1,2,2,Möysä   (Lahti )
2226,15170,"Blocks of flats, one-room flat",1688.0,1688.0,1688.0,1688.0,1688.0,1688.0,1,2,2,Tenava-Tonttila   (Lahti )
2232,15200,"Blocks of flats, one-room flat",1759.0,1759.0,1759.0,1759.0,1759.0,1759.0,1,2,2,Kiveriö   (Lahti )
2238,15210,"Blocks of flats, one-room flat",2350.1666666666665,2404.333333333333,2458.5,2512.6666666666665,2566.833333333333,2621.0,0,4,4,Kivistönmäki   (Lahti )
2250,15240,"Blocks of flats, one-room flat",1323.3125,1300.0,1319.0,1286.0,1160.0,1160.0,4,0,0,Mukkula   (Lahti )
2268,15320,"Blocks of flats, one-room flat",,,,,1273.0,1273.0,4,0,0,Ahtiala   (Lahti )
2280,15500,"Blocks of flats, one-room flat",1317.0,1317.0,1317.0,1317.0,1317.0,1317.0,4,0,0,Liipola   (Lahti )
2298,15550,"Blocks of flats, one-room flat",1033.0,1033.0,1033.0,1033.0,1033.0,1033.0,4,0,0,Rakokivi   (Lahti )
2304,15560,"Blocks of flats, one-room flat",917.0,917.0,917.0,917.0,917.0,917.0,4,6,6,Nastola kk   (Lahti )
2322,15700,"Blocks of flats, one-room flat",1582.0,1582.0,1582.0,1582.0,1582.0,1582.0,1,2,2,Hennala-Jokimaa   (Hollola )
2328,15800,"Blocks of flats, one-room flat",1845.6,1807.4,1769.2,1731.0,1731.0,1731.0,1,2,2,Kärpänen   (Lahti )
2340,15830,"Blocks of flats, one-room flat",1457.0,1457.0,1457.0,1457.0,1457.0,1457.0,1,2,2,Metsäkangas   (Lahti )
2358,15860,"Blocks of flats, one-room flat",1033.0,1033.0,1033.0,1033.0,1033.0,1033.0,4,0,0,Kartano   (Hollola )
2364,15870,"Blocks of flats, one-room flat",859.0,859.0,859.0,859.0,859.0,859.0,4,6,6,Salpakangas   (Hollola )
2370,15880,"Blocks of flats, one-room flat",676.0,676.0,676.0,676.0,676.0,676.0,4,6,6,Soramäki   (Hollola )
2382,15950,"Blocks of flats, one-room flat",1913.0,1913.0,1913.0,1913.0,1913.0,1913.0,1,7,7,Kiikkula   (Lahti )
2412,16300,"Blocks of flats, one-room flat",1111.0,1111.0,1111.0,1111.0,1111.0,1111.0,4,0,0,Orimattila Keskus   (Orimattila )
2460,16900,"Blocks of flats, one-room flat",876.0,876.0,876.0,876.0,876.0,876.0,4,6,6,Lammi kk   (Hämeenlinna )
2478,17200,"Blocks of flats, one-room flat",1019.0,1019.0,1019.0,1019.0,1019.0,1019.0,4,0,0,Vääksy Keskus   (Asikkala )
2502,18100,"Blocks of flats, one-room flat",1104.25,1163.5,1222.75,1282.0,1282.0,1282.0,4,0,0,Heinola Keskus   (Heinola )
2514,18130,"Blocks of flats, one-room flat",670.0,670.0,670.0,670.0,670.0,670.0,4,6,6,Tommola-Sahanniemi   (Heinola )
2520,18150,"Blocks of flats, one-room flat",970.0,970.0,970.0,970.0,970.0,970.0,4,0,0,Jyränkö   (Heinola )
2526,18200,"Blocks of flats, one-room flat",834.0,834.0,834.0,834.0,834.0,834.0,4,6,6,Kaakonlampi-Pyhätön   (Heinola )
2640,20100,"Blocks of flats, one-room flat",4351.0,4392.0,4346.0,4241.0,4324.0,4284.0,3,3,3,Turku Keskus   (Turku )
2646,20200,"Blocks of flats, one-room flat",3193.421052631579,3228.7368421052633,3264.0526315789475,3299.3684210526317,3334.684210526316,3370.0,2,1,1,Iso-Heikkilä   (Turku )
2670,20300,"Blocks of flats, one-room flat",2899.0,2899.0,2899.0,2899.0,2899.0,2899.0,0,4,4,Pohjola-Kastu   (Turku )
2676,20320,"Blocks of flats, one-room flat",2426.0,2344.5,2263.0,2062.0,2460.0,2858.0,0,4,4,Kuninkoja-Mälikkälä   (Turku )
2682,20360,"Blocks of flats, one-room flat",1941.0,1941.0,1941.0,1941.0,1941.0,1941.0,1,7,7,Kärsämäki-Urusvuori-Halinen   (Turku )
2706,20500,"Blocks of flats, one-room flat",4342.222222222223,4397.111111111111,4452.0,4243.0,4573.0,4573.0,3,3,3,Vesilinna   (Turku )
2712,20520,"Blocks of flats, one-room flat",4440.0,4440.0,4440.0,4440.0,4440.0,4440.0,3,3,3,Kupittaa   (Turku )
2718,20540,"Blocks of flats, one-room flat",2896.285714285714,2928.1428571428573,2960.0,2960.0,2960.0,2960.0,0,4,4,Nummi-Ylioppilaskylä   (Turku )
2724,20610,"Blocks of flats, one-room flat",1787.0,1787.0,1787.0,1787.0,1787.0,1787.0,1,7,7,Varissuo   (Turku )
2736,20700,"Blocks of flats, one-room flat",3924.0,3924.0,3924.0,3924.0,3924.0,3924.0,2,1,1,Vartiovuori-Samppalinna   (Turku )
2742,20720,"Blocks of flats, one-room flat",3303.0,3303.0,3303.0,3303.0,3303.0,3303.0,2,1,1,Vasaramäki   (Turku )
2754,20740,"Blocks of flats, one-room flat",2323.0,2323.0,2323.0,2323.0,2323.0,2323.0,0,4,4,Ilpoinen-Harittu   (Turku )
2760,20750,"Blocks of flats, one-room flat",1405.0,1405.0,1405.0,1405.0,1405.0,1405.0,1,2,2,Huhkola-Lauste-Vaala   (Turku )
2772,20780,"Blocks of flats, one-room flat",2079.6666666666665,2018.3333333333333,1957.0,1957.0,1957.0,1957.0,1,7,7,Kaarina Keskus   (Kaarina )
2778,20810,"Blocks of flats, one-room flat",4429.0,4217.0,4080.0,4384.0,3993.0,4510.0,3,3,3,Martti-Korppolaismäki   (Turku )
2784,20880,"Blocks of flats, one-room flat",2355.0,2355.0,2355.0,2355.0,2355.0,2355.0,0,4,4,Uittamo   (Turku )
2802,21100,"Blocks of flats, one-room flat",2421.0,2421.0,2421.0,2421.0,2421.0,2421.0,0,4,4,Naantali Keskus   (Naantali )
2850,21200,"Blocks of flats, one-room flat",1867.0,2117.0,2047.0,2132.0,2217.0,2209.0,1,7,8,Raisio Keskus   (Raisio )
2952,21420,"Blocks of flats, one-room flat",1380.0,1380.0,1380.0,1380.0,1380.0,1380.0,1,2,2,Lieto Keskus   (Lieto )
2982,21530,"Blocks of flats, one-room flat",1107.0,1107.0,1107.0,1107.0,1107.0,1107.0,4,0,0,Paimio Keskus   (Paimio )
3012,21600,"Blocks of flats, one-room flat",1295.0,1295.0,1295.0,1295.0,1295.0,1295.0,4,0,0,Parainen Keskus   (Parainen )
3168,23500,"Blocks of flats, one-room flat",1327.75,1276.5,1225.25,1174.0,1174.0,1174.0,4,0,0,Uusikaupunki Keskus   (Uusikaupunki )
3180,23800,"Blocks of flats, one-room flat",1338.0,1338.0,1338.0,1338.0,1338.0,1338.0,4,0,0,Laitila Keskus   (Laitila )
3198,24100,"Blocks of flats, one-room flat",1577.0,1724.0,1679.0,1404.0,1737.0,1367.0,1,2,2,Salo Keskus   (Salo )
3210,24240,"Blocks of flats, one-room flat",1792.0,1792.0,1792.0,1792.0,1792.0,1792.0,1,7,7,Rappula   (Salo )
3444,26100,"Blocks of flats, one-room flat",1475.0,2034.0,1445.0,1487.0,1660.0,1660.0,1,2,2,Rauma Keskus   (Rauma )
3468,26660,"Blocks of flats, one-room flat",1314.0,1314.0,1314.0,1314.0,1314.0,1314.0,4,0,0,Paroalho   (Rauma )
3540,27500,"Blocks of flats, one-room flat",770.0,770.0,770.0,770.0,770.0,770.0,4,6,6,Kauttua   (Eura )
3630,28100,"Blocks of flats, one-room flat",1868.0,1943.0,2018.0,2093.0,1690.0,1969.0,1,7,7,Pori Keskus   (Pori )
3636,28120,"Blocks of flats, one-room flat",1358.0,1358.0,1358.0,1358.0,1358.0,1358.0,1,2,2,Käppärä-Isomäki   (Pori )
3642,28130,"Blocks of flats, one-room flat",2059.4285714285716,2077.5714285714284,2095.714285714286,2113.8571428571427,2132.0,2132.0,1,7,8,Impola   (Pori )
3648,28190,"Blocks of flats, one-room flat",990.0,990.0,990.0,990.0,990.0,990.0,4,0,0,Pormestarinluoto   (Pori )
3684,28330,"Blocks of flats, one-room flat",738.0,738.0,738.0,738.0,738.0,738.0,4,6,6,Koivistonluoto   (Pori )
3690,28360,"Blocks of flats, one-room flat",1139.0,1139.0,1139.0,1139.0,1139.0,1139.0,4,0,0,Vanhakoivisto   (Pori )
3696,28370,"Blocks of flats, one-room flat",810.0,810.0,810.0,810.0,810.0,810.0,4,6,6,Sampola   (Pori )
3756,28800,"Blocks of flats, one-room flat",735.0,735.0,735.0,735.0,735.0,735.0,4,6,6,Pihlava   (Pori )
3858,30100,"Blocks of flats, one-room flat",1045.0,1020.75,996.5,972.25,948.0,1055.0,4,0,0,Forssa Keskus   (Tammela )
3864,30300,"Blocks of flats, one-room flat",865.0,865.0,865.0,865.0,865.0,865.0,4,6,6,Viksberg   (Forssa )
3870,30420,"Blocks of flats, one-room flat",1302.0,1302.0,1302.0,1302.0,1302.0,1302.0,4,0,0,Tölö   (Forssa )
3978,32200,"Blocks of flats, one-room flat",809.0322580645161,796.516129032258,784.0,784.0,784.0,784.0,4,6,6,Loimaa Keskus   (Loimaa )
4044,32700,"Blocks of flats, one-room flat",838.0,838.0,838.0,838.0,838.0,838.0,4,6,6,Huittinen Keskus   (Huittinen )
4086,33100,"Blocks of flats, one-room flat",4762.0,4440.0,4679.0,4679.0,4679.0,4679.0,3,3,3,Tampere Keskus   (Tampere )
4098,33200,"Blocks of flats, one-room flat",4410.666666666667,4474.333333333333,4538.0,4680.0,5072.5,5465.0,3,3,3,Tampere Keskus Läntinen   (Tampere )
4104,33210,"Blocks of flats, one-room flat",4701.666666666667,4625.0,4721.5,4818.0,4454.0,4454.0,3,3,3,Itä-Amuri-Tammerkoski   (Tampere )
4110,33230,"Blocks of flats, one-room flat",3788.1428571428573,3773.0,3911.0,4049.0,4294.0,4539.0,2,1,1,Länsi-Amuri   (Tampere )
4116,33240,"Blocks of flats, one-room flat",2896.0,2896.0,2896.0,2896.0,2896.0,2896.0,0,4,4,Tahmela   (Tampere )
4122,33250,"Blocks of flats, one-room flat",3219.0,3219.0,3219.0,3219.0,3219.0,3219.0,2,1,1,Pispala   (Tampere )
4128,33270,"Blocks of flats, one-room flat",2959.75,2888.0,2989.3333333333335,3090.6666666666665,3192.0,3122.0,0,4,4,Epilä   (Tampere )
4134,33300,"Blocks of flats, one-room flat",2051.0,2051.0,2051.0,2051.0,2051.0,2051.0,1,7,8,Rahola   (Tampere )
4140,33310,"Blocks of flats, one-room flat",,,,2847.0,2847.0,2847.0,0,4,4,Tesoma   (Tampere )
4146,33330,"Blocks of flats, one-room flat",2019.0,2019.0,2019.0,2019.0,2019.0,2019.0,1,7,8,Myllypuro-Kalkku   (Tampere )
4152,33340,"Blocks of flats, one-room flat",1872.0,1872.0,1872.0,1872.0,1872.0,1872.0,1,7,7,Haukiluoma-Ikuri   (Tampere )
4158,33400,"Blocks of flats, one-room flat",,,,,4398.0,4493.0,3,3,3,Luoteis-Tampere   (Tampere )
4164,33410,"Blocks of flats, one-room flat",2393.7692307692305,2437.3846153846152,2481.0,2938.0,3395.0,3395.0,0,4,4,Lentävänniemi   (Tampere )
4188,33470,"Blocks of flats, one-room flat",1215.0,1215.0,1215.0,1215.0,1215.0,1215.0,4,0,0,Ylöjärvi Keskus   (Ylöjärvi )
4200,33500,"Blocks of flats, one-room flat",4213.4,4207.6,4201.8,4196.0,4409.5,4623.0,3,3,3,Osmonmäki-Petsamo   (Tampere )
4212,33530,"Blocks of flats, one-room flat",2535.972972972973,2539.6486486486488,2543.324324324324,2547.0,2547.0,2547.0,0,4,4,Kissanmaa   (Tampere )
4218,33540,"Blocks of flats, one-room flat",4465.0,4327.0,4323.0,4319.0,4315.0,4533.0,3,3,3,Kaleva   (Tampere )
4224,33560,"Blocks of flats, one-room flat",2916.4285714285716,2995.142857142857,3073.8571428571427,3152.5714285714284,3231.285714285714,3310.0,0,4,4,Takahuhti   (Tampere )
4230,33580,"Blocks of flats, one-room flat",2640.0,2842.0,3044.0,3246.0,3649.0,3785.0,2,1,1,Atala-Linnainmaa   (Tampere )
4254,33710,"Blocks of flats, one-room flat",2969.3333333333335,3132.0,2843.0,3085.5,3328.0,3328.0,0,4,4,Kaukajärvi   (Tampere )
4260,33720,"Blocks of flats, one-room flat",2597.0,2816.0,2332.0,2787.0,2748.0,2782.0,0,4,4,Hervanta   (Tampere )
4272,33800,"Blocks of flats, one-room flat",2278.6666666666665,2401.0,2248.3333333333335,2095.6666666666665,1943.0,1943.0,1,7,8,Nekala   (Tampere )
4278,33820,"Blocks of flats, one-room flat",2862.0,2862.0,2862.0,2862.0,2862.0,2862.0,0,4,4,Koivistonkylä   (Tampere )
4296,33870,"Blocks of flats, one-room flat",4009.0,3646.0,4164.0,3860.0,4102.0,4214.0,2,1,1,Vuores   (Lempäälä )
4302,33880,"Blocks of flats, one-room flat",800.0,800.0,800.0,800.0,800.0,800.0,4,6,6,Höytämö   (Lempäälä )
4308,33900,"Blocks of flats, one-room flat",2944.0,3037.0,3268.5,3500.0,3731.5,3963.0,2,1,1,Härmälä-Rantaperkiö   (Tampere )
4326,33960,"Blocks of flats, one-room flat",2322.3333333333335,2330.8888888888887,2339.4444444444443,2348.0,2348.0,2348.0,0,4,4,Suuppa   (Pirkkala )
4410,35300,"Blocks of flats, one-room flat",1355.0,1355.0,1355.0,1355.0,1355.0,1355.0,1,2,2,Orivesi Keskus   (Orivesi )
4470,35800,"Blocks of flats, one-room flat",522.0,522.0,522.0,522.0,522.0,522.0,4,6,6,Mänttä   (Mänttä-Vilppula )
4476,35820,"Blocks of flats, one-room flat",452.0,452.0,452.0,452.0,452.0,452.0,4,6,6,Asemakulma-Mustalahti   (Jämsä )
4500,36200,"Blocks of flats, one-room flat",2114.8,2146.4,2178.0,1650.0,2371.0,3092.0,0,4,4,Kangasala Keskus   (Kangasala )
4590,37100,"Blocks of flats, one-room flat",1724.0,1695.0,1666.0,1637.0,1608.0,1608.0,1,2,2,Nokia Keskus   (Nokia )
4656,37500,"Blocks of flats, one-room flat",1623.0,1623.0,1623.0,1623.0,1623.0,1623.0,1,2,2,Lempäälä Keskus   (Lempäälä )
4680,37600,"Blocks of flats, one-room flat",1336.0,1336.0,1336.0,1336.0,1336.0,1336.0,4,0,0,Valkeakoski Keskus   (Valkeakoski )
4686,37630,"Blocks of flats, one-room flat",1217.0,1217.0,1217.0,1217.0,1217.0,1217.0,4,0,0,Vääräkoivu   (Valkeakoski )
4698,37800,"Blocks of flats, one-room flat",1107.0,1107.0,1107.0,1107.0,1107.0,1107.0,4,0,0,Toijala keskus   (Akaa )
4740,38200,"Blocks of flats, one-room flat",1397.0,1397.0,1397.0,1397.0,1397.0,1397.0,1,2,2,Vammala Keskus   (Sastamala )
4872,39500,"Blocks of flats, one-room flat",963.4117647058823,948.5294117647059,933.6470588235294,918.7647058823529,903.8823529411765,889.0,4,6,6,Ikaalinen Keskus   (Ikaalinen )
4884,39700,"Blocks of flats, one-room flat",731.0,731.0,731.0,731.0,731.0,731.0,4,6,6,Parkano Keskus   (Parkano )
4902,40100,"Blocks of flats, one-room flat",3265.0,3372.0,3560.0,3368.0,3176.0,2984.0,2,1,1,Jyväskylä Keskus   (Jyväskylä )
4908,40200,"Blocks of flats, one-room flat",3381.0,3155.5,2930.0,2973.0,2973.0,2973.0,0,4,4,Mannila-Taulumäki   (Jyväskylä )
4926,40320,"Blocks of flats, one-room flat",2114.0,2114.0,2114.0,2114.0,2114.0,2114.0,1,7,8,Seppälän Teollisuusalue   (Jyväskylä )
4932,40340,"Blocks of flats, one-room flat",1242.0,1242.0,1242.0,1242.0,1242.0,1242.0,4,0,0,Huhtasuo   (Jyväskylä )
4944,40420,"Blocks of flats, one-room flat",1245.0,1245.0,1245.0,1245.0,1245.0,1245.0,4,0,0,Jyskä   (Jyväskylä )
4956,40520,"Blocks of flats, one-room flat",2762.0,2620.0,2398.0,3081.0,2834.0,2834.0,0,4,4,Kuokkala-Ristikivi   (Jyväskylä )
4968,40600,"Blocks of flats, one-room flat",2502.0,2502.0,2502.0,2502.0,2502.0,2502.0,0,4,4,Mattilanpelto   (Jyväskylä )
4986,40640,"Blocks of flats, one-room flat",1358.0,1358.0,1358.0,1358.0,1358.0,1358.0,1,2,2,Keltinmäki   (Jyväskylä )
4992,40700,"Blocks of flats, one-room flat",3271.0,3271.0,3271.0,3271.0,3271.0,3271.0,2,1,1,Mäki-Matti   (Jyväskylä )
4998,40720,"Blocks of flats, one-room flat",3002.0,3002.0,3002.0,3002.0,3002.0,3002.0,0,4,4,Nisula   (Jyväskylä )
5004,40740,"Blocks of flats, one-room flat",2085.2,2043.6,2002.0,2002.0,2002.0,2002.0,1,7,8,Kortepohja   (Jyväskylä )
5010,40800,"Blocks of flats, one-room flat",1023.0526315789474,1033.0,1033.0,1033.0,1033.0,1033.0,4,0,0,Vaajakoski   (Jyväskylä )
5022,40900,"Blocks of flats, one-room flat",727.0,727.0,727.0,727.0,727.0,727.0,4,6,6,Säynätsalo   (Jyväskylä )
5214,42100,"Blocks of flats, one-room flat",932.0,885.75,839.5,793.25,747.0,747.0,4,6,6,Jämsä Keskus   (Jämsä )
5244,42700,"Blocks of flats, one-room flat",681.25,675.5,669.75,664.0,664.0,664.0,4,6,6,Keuruu Keskus   (Keuruu )
5328,44100,"Blocks of flats, one-room flat",941.0,921.0,901.0,881.0,881.0,881.0,4,6,6,Äänekoski Keskus   (Äänekoski )
5340,44150,"Blocks of flats, one-room flat",822.0,822.0,822.0,822.0,822.0,822.0,4,6,6,Likolahti-Karhunlähde   (Äänekoski )
5352,44200,"Blocks of flats, one-room flat",582.0,582.0,582.0,582.0,582.0,582.0,4,6,6,Suolahti Keskus   (Äänekoski )
5430,45100,"Blocks of flats, one-room flat",1378.5,1303.0,1262.0,1348.0,1358.5,1369.0,4,0,0,Kouvola Keskus   (Kouvola )
5442,45130,"Blocks of flats, one-room flat",1098.0,1098.0,1098.0,1098.0,1098.0,1098.0,4,0,0,Korjala-Kaunisnurmi   (Kouvola )
5448,45150,"Blocks of flats, one-room flat",781.1428571428571,771.7142857142858,762.2857142857142,752.8571428571429,743.4285714285714,734.0,4,6,6,Kankaronmäki-Eskolanmäki   (Kouvola )
5460,45200,"Blocks of flats, one-room flat",1043.5,1069.0,1094.5,1120.0,1120.0,1120.0,4,0,0,Tornionmäki   (Kouvola )
5496,45700,"Blocks of flats, one-room flat",840.0,907.0,907.0,907.0,907.0,907.0,4,6,6,Kuusankoski Keskus   (Kouvola )
5610,48100,"Blocks of flats, one-room flat",1542.5,1504.75,1467.0,1516.0,1701.0,1612.0,1,2,2,Kotkansaari   (Kotka )
5622,48200,"Blocks of flats, one-room flat",1003.0,1003.0,1003.0,1003.0,1003.0,1003.0,4,0,0,Hovinsaari   (Kotka )
5658,48350,"Blocks of flats, one-room flat",626.8709677419355,614.9354838709678,603.0,582.5,562.0,562.0,4,6,6,Karhuvuori   (Kotka )
5676,48600,"Blocks of flats, one-room flat",811.0,811.0,811.0,811.0,811.0,811.0,4,6,6,Karhula   (Kotka )
5724,48900,"Blocks of flats, one-room flat",558.0,558.0,558.0,558.0,558.0,558.0,4,6,6,Sunila   (Kotka )
5766,49400,"Blocks of flats, one-room flat",1157.0,1157.0,1157.0,1157.0,1157.0,1157.0,4,0,0,Hamina Keskus   (Hamina )
5844,50100,"Blocks of flats, one-room flat",2078.0,2218.5,2359.0,2209.0,2352.5,2496.0,0,4,4,Mikkeli Keskus   (Mikkeli )
5850,50120,"Blocks of flats, one-room flat",1511.0,1511.0,1511.0,1511.0,1511.0,1511.0,1,2,2,Siekkilä   (Mikkeli )
5868,50160,"Blocks of flats, one-room flat",1214.0,1214.0,1214.0,1214.0,1214.0,1214.0,4,0,0,Kattilansilta   (Mikkeli )
5874,50170,"Blocks of flats, one-room flat",1686.0,1686.0,1686.0,1686.0,1686.0,1686.0,1,2,2,Peitsari   (Mikkeli )
5886,50190,"Blocks of flats, one-room flat",676.0,676.0,676.0,676.0,676.0,676.0,4,6,6,Tuppurala   (Mikkeli )
6018,53100,"Blocks of flats, one-room flat",2640.0,3338.0,2898.5,2459.0,2715.0,2715.0,0,4,4,Lappeenranta keskus   (Lappeenranta )
6036,53300,"Blocks of flats, one-room flat",1622.0,1622.0,1622.0,1622.0,1622.0,1622.0,1,2,2,Lauritsala-Mälkiä   (Lappeenranta )
6066,53600,"Blocks of flats, one-room flat",2114.5714285714284,2178.714285714286,2242.8571428571427,2307.0,2307.0,2307.0,0,4,4,Kesämäki   (Lappeenranta )
6078,53810,"Blocks of flats, one-room flat",1562.0,1562.0,1562.0,1562.0,1562.0,1562.0,1,2,2,Kuusimäki-Lavola   (Lappeenranta )
6090,53850,"Blocks of flats, one-room flat",2124.0,2124.0,2124.0,2124.0,2124.0,2124.0,1,7,8,Skinnarila   (Lappeenranta )
6096,53900,"Blocks of flats, one-room flat",2676.076923076923,2716.0,2716.0,2716.0,2716.0,2716.0,0,4,4,Pallo-Tysterniemi-Leiri   (Lappeenranta )
6102,53920,"Blocks of flats, one-room flat",1324.0,1324.0,1324.0,1324.0,1324.0,1324.0,4,0,0,Voisalmi   (Lappeenranta )
6228,55100,"Blocks of flats, one-room flat",978.0,978.0,978.0,978.0,978.0,978.0,4,0,0,Imatra Keskus   (Imatra )
6234,55120,"Blocks of flats, one-room flat",882.5,860.0,837.5,815.0,815.0,815.0,4,6,6,Mansikkala-Tuulikallio   (Imatra )
6276,55610,"Blocks of flats, one-room flat",797.0,797.0,797.0,797.0,797.0,797.0,4,6,6,Rajapatsas-Teppanala   (Imatra )
6288,55800,"Blocks of flats, one-room flat",890.0,890.0,890.0,890.0,890.0,890.0,4,6,6,Vuoksenniska-Saarlampi   (Imatra )
6336,57100,"Blocks of flats, one-room flat",1491.142857142857,1487.7142857142858,1484.2857142857142,1480.857142857143,1477.4285714285713,1474.0,1,2,2,Heikinpohja-Piispanmäki   (Savonlinna )
6348,57130,"Blocks of flats, one-room flat",1880.0,1880.0,1880.0,1880.0,1880.0,1880.0,1,7,7,Savonlinna Keskus   (Savonlinna )
6354,57170,"Blocks of flats, one-room flat",1201.0,1201.0,1201.0,1201.0,1201.0,1201.0,4,0,0,Sortteerinlahti-Talvisalo   (Savonlinna )
6360,57200,"Blocks of flats, one-room flat",1069.0,1069.0,1069.0,1069.0,1069.0,1069.0,4,0,0,Miekonniemi-Venäjänniemi   (Savonlinna )
6522,60100,"Blocks of flats, one-room flat",2383.0,2500.0,2114.0,2200.5,2287.0,2287.0,0,4,4,Seinäjoki Keskus   (Seinäjoki )
6534,60150,"Blocks of flats, one-room flat",1174.0,1174.0,1174.0,1174.0,1174.0,1174.0,4,0,0,Kasperi   (Seinäjoki )
6600,60800,"Blocks of flats, one-room flat",695.0,695.0,695.0,695.0,695.0,695.0,4,6,6,Ilmajoki Keskus   (Ilmajoki )
6792,62900,"Blocks of flats, one-room flat",1050.0,1050.0,1050.0,1050.0,1050.0,1050.0,4,0,0,Alajärvi Keskus   (Alajärvi )
7044,65100,"Blocks of flats, one-room flat",3053.0,3053.0,3053.0,3053.0,3053.0,3053.0,0,4,4,Vaasa Keskus   (Vaasa )
7056,65200,"Blocks of flats, one-room flat",2300.0,2349.8,2399.6,2449.4,2499.2,2549.0,0,4,4,Palosaari   (Vaasa )
7086,65350,"Blocks of flats, one-room flat",1560.142857142857,1579.5714285714284,1599.0,1599.0,1599.0,1599.0,1,2,2,Suvilahti   (Vaasa )
7092,65370,"Blocks of flats, one-room flat",1147.0,1147.0,1147.0,1147.0,1147.0,1147.0,4,0,0,Ristinummi   (Vaasa )
7098,65380,"Blocks of flats, one-room flat",1227.0,1227.0,1227.0,1227.0,1227.0,1227.0,4,0,0,Vanha Vaasa   (Vaasa )
7344,67100,"Blocks of flats, one-room flat",2317.4,2522.2,2727.0,2605.0,2605.0,2605.0,0,4,4,Kokkola Keskus   (Kokkola )
7380,67800,"Blocks of flats, one-room flat",967.0,967.0,967.0,967.0,967.0,967.0,4,0,0,Koivuhaka   (Kokkola )
7476,68600,"Blocks of flats, one-room flat",1513.0,1513.0,1513.0,1513.0,1513.0,1513.0,1,2,2,Pietarsaari Keskus   (Pietarsaari )
7494,68660,"Blocks of flats, one-room flat",777.0,777.0,777.0,777.0,777.0,777.0,4,6,6,Östermalm-Björnholmen   (Pietarsaari )
7638,70100,"Blocks of flats, one-room flat",3541.0,3541.0,3541.0,3541.0,3541.0,3541.0,2,1,1,Kuopio Keskus   (Kuopio )
7644,70110,"Blocks of flats, one-room flat",3580.0,3324.0,3068.0,3634.0,3600.0,3600.0,2,1,1,Etu-Niirala   (Kuopio )
7650,70150,"Blocks of flats, one-room flat",2159.0,2159.0,2159.0,2159.0,2159.0,2159.0,1,7,8,Neulamäki   (Kuopio )
7656,70200,"Blocks of flats, one-room flat",2135.0,2135.0,2135.0,2135.0,2135.0,2135.0,1,7,8,Puijonlaakso   (Kuopio )
7698,70460,"Blocks of flats, one-room flat",1499.0,1499.0,1499.0,1499.0,1499.0,1499.0,1,2,2,Saarijärvi   (Kuopio )
7704,70500,"Blocks of flats, one-room flat",1557.0,1557.0,1557.0,1557.0,1557.0,1557.0,1,2,2,Männistö   (Kuopio )
7710,70600,"Blocks of flats, one-room flat",3255.0,3255.0,3255.0,3255.0,3255.0,3255.0,2,1,1,Niirala-Huuhanmäki   (Kuopio )
7740,70820,"Blocks of flats, one-room flat",,,,1429.0,1429.0,1429.0,1,2,2,Litmanen   (Kuopio )
7932,73100,"Blocks of flats, one-room flat",1206.0,1206.0,1206.0,1206.0,1206.0,1206.0,4,0,0,Lapinlahti Keskus   (Lapinlahti )
8010,74100,"Blocks of flats, one-room flat",1359.1538461538462,1359.7692307692307,1360.3846153846155,1361.0,1284.0,1245.0,4,0,0,"Iisalmi Keskus, Eteläinen   (Iisalmi )"
8016,74120,"Blocks of flats, one-room flat",539.0,539.0,539.0,539.0,539.0,539.0,4,6,6,Iisalmi Keskus Pohjoinen   (Iisalmi )
8106,76100,"Blocks of flats, one-room flat",790.0,790.0,790.0,790.0,790.0,790.0,4,6,6,Pieksämäki Keskus   (Pieksämäki )
8184,78200,"Blocks of flats, one-room flat",635.0,641.0,647.0,653.0,653.0,653.0,4,6,6,Varkaus Keskus   (Leppävirta )
8196,78250,"Blocks of flats, one-room flat",478.0,478.0,478.0,478.0,478.0,478.0,4,6,6,Päiviönsaari   (Varkaus )
8304,80100,"Blocks of flats, one-room flat",2638.0,2734.0,2830.0,2798.0,2580.5,2363.0,0,4,4,"Joensuu Keskus, Pohjoinen   (Joensuu )"
8310,80110,"Blocks of flats, one-room flat",2590.0,2590.0,2590.0,2590.0,2590.0,2590.0,0,4,4,Joensuu Keskus Eteläinen   (Joensuu )
8328,80160,"Blocks of flats, one-room flat",916.0,916.0,916.0,916.0,916.0,916.0,4,6,6,Rantakylä-Latola   (Joensuu )
8340,80200,"Blocks of flats, one-room flat",2108.0,2108.0,2108.0,2108.0,2108.0,2108.0,1,7,8,Niinivaara   (Joensuu )
8490,81700,"Blocks of flats, one-room flat",727.0,727.0,727.0,727.0,727.0,727.0,4,6,6,Lieksa Keskus   (Lieksa )
8652,83500,"Blocks of flats, one-room flat",755.0,755.0,755.0,755.0,755.0,755.0,4,6,6,Outokumpu Keskus   (Outokumpu )
8706,84100,"Blocks of flats, one-room flat",1590.0,1590.0,1590.0,1590.0,1590.0,1590.0,1,2,2,Ylivieska Keskus   (Ylivieska )
8892,87100,"Blocks of flats, one-room flat",1631.0,1656.0,1656.0,1656.0,1656.0,1656.0,1,2,2,Kajaani Keskus   (Kajaani )
8904,87200,"Blocks of flats, one-room flat",1576.0,1576.0,1576.0,1576.0,1576.0,1576.0,1,2,2,Teppana   (Kajaani )
8988,88600,"Blocks of flats, one-room flat",1223.0,1223.0,1223.0,1223.0,1223.0,1223.0,4,0,0,Sotkamo Keskus   (Sotkamo )
9042,90100,"Blocks of flats, one-room flat",2947.0,2979.0,3110.6666666666665,3242.3333333333335,3374.0,3197.0,2,1,1,Oulu Keskus   (Oulu )
9048,90120,"Blocks of flats, one-room flat",2602.0,2975.0,3127.0,2963.0,2799.0,2799.0,0,4,4,Heinäpää   (Oulu )
9054,90130,"Blocks of flats, one-room flat",2876.0,2876.0,2876.0,2876.0,2876.0,2876.0,0,4,4,Raksila   (Oulu )
9060,90140,"Blocks of flats, one-room flat",2916.285714285714,3071.0,3071.0,3071.0,3071.0,3071.0,0,4,4,Karjasilta   (Oulu )
9066,90150,"Blocks of flats, one-room flat",2432.0,2097.5,1763.0,1763.0,1763.0,1763.0,1,7,7,Höyhtyä   (Oulu )
9090,90250,"Blocks of flats, one-room flat",1569.0,1569.0,1569.0,1569.0,1569.0,1569.0,1,2,2,Kaukovainio   (Oulu )
9102,90400,"Blocks of flats, one-room flat",2076.0,2076.0,2076.0,2076.0,2076.0,2076.0,1,7,8,Äimärautio   (Oulu )
9114,90420,"Blocks of flats, one-room flat",2460.0,2502.0,2544.0,2905.0,2447.0,2447.0,0,4,4,Metsokangas   (Oulu )
9144,90500,"Blocks of flats, one-room flat",2505.0,2091.0,2719.0,2719.0,2719.0,2719.0,0,4,4,Tuira   (Oulu )
9156,90520,"Blocks of flats, one-room flat",3407.4444444444443,3496.0,3501.5,3507.0,3507.0,3507.0,2,1,1,Taskila-Toppila   (Oulu )
9162,90530,"Blocks of flats, one-room flat",2444.0,2462.0,2480.0,2480.0,2480.0,2480.0,0,4,4,Välivainio   (Oulu )
9174,90550,"Blocks of flats, one-room flat",1572.0,1572.0,1572.0,1572.0,1572.0,1572.0,1,2,2,Pyykösjärvi-Puolivälikangas   (Oulu )
9180,90560,"Blocks of flats, one-room flat",1602.0,1604.5,1607.0,1607.0,1607.0,1607.0,1,2,2,Koskela-Oulu   (Oulu )
9186,90570,"Blocks of flats, one-room flat",3502.0,3503.6,3505.2,3506.8,3508.4,3510.0,2,1,1,Kaijonharju-Linnanmaa   (Oulu )
9210,90650,"Blocks of flats, one-room flat",1740.0,1740.0,1740.0,1740.0,1740.0,1740.0,1,2,2,Haapalehto   (Oulu )
9390,92100,"Blocks of flats, one-room flat",1197.0,1197.0,1197.0,1197.0,1197.0,1197.0,4,0,0,Raahe Keskus   (Raahe )
9516,93600,"Blocks of flats, one-room flat",1292.75,1240.5,1188.25,1136.0,1136.0,1136.0,4,0,0,Kuusamo   (Kuusamo )
9546,94100,"Blocks of flats, one-room flat",738.0,814.0,890.0,976.0,939.0,902.0,4,6,6,Kemi Keskus   (Kemi )
9636,95400,"Blocks of flats, one-room flat",2009.0,2009.0,2009.0,2009.0,2009.0,2009.0,1,7,8,Tornio Keskus   (Tornio )
9654,95430,"Blocks of flats, one-room flat",1363.0,1363.0,1363.0,1363.0,1363.0,1363.0,1,2,2,Suensaari   (Tornio )
9720,96100,"Blocks of flats, one-room flat",2513.714285714286,2437.8571428571427,2362.0,1944.0,1944.0,1944.0,1,7,8,Rovaniemi Keskus   (Rovaniemi )
9732,96200,"Blocks of flats, one-room flat",2043.6,2049.2,2054.8,2060.4,2066.0,2066.0,1,7,8,Sahanperä-Ratantaus   (Rovaniemi )
9738,96300,"Blocks of flats, one-room flat",2522.0,2915.0,3308.0,3076.0,2844.0,2612.0,0,4,4,Niemelänkangas-Korvanniemi   (Rovaniemi )
9750,96400,"Blocks of flats, one-room flat",1821.0,1821.0,1821.0,1821.0,1821.0,1821.0,1,7,7,Pullinranta-Kiiruna   (Rovaniemi )
9756,96440,"Blocks of flats, one-room flat",1198.0,1198.0,1198.0,1198.0,1198.0,1198.0,4,0,0,Ounasrinne   (Rovaniemi )
9768,96500,"Blocks of flats, one-room flat",799.9,798.6,797.3,796.0,796.0,796.0,4,6,6,Korkalovaara   (Rovaniemi )
