,Postal code,Building type,2020Q1 Price per square meter (EUR/m2),2020Q2 Price per square meter (EUR/m2),2020Q3 Price per square meter (EUR/m2),2020Q4 Price per square meter (EUR/m2),2021Q1* Price per square meter (EUR/m2),2021Q2* Price per square meter (EUR/m2),label6,label8,label10,Location
1,00100,"Blocks of flats, two-room flat",7573.0,7398.0,7868.0,7700.0,7829.0,7974.0,4,2,1,Helsinki Keskusta - Etu-Töölö   (Helsinki )
7,00120,"Blocks of flats, two-room flat",7331.0,8389.0,7794.0,8121.0,8931.0,8585.0,4,2,1,Punavuori   (Helsinki )
13,00130,"Blocks of flats, two-room flat",,,,,9610.0,9610.0,4,2,1,Kaartinkaupunki   (Helsinki )
19,00140,"Blocks of flats, two-room flat",8634.0,8106.0,8398.0,8445.0,8530.0,9643.0,4,2,1,Kaivopuisto - Ullanlinna   (Helsinki )
25,00150,"Blocks of flats, two-room flat",7792.0,8107.0,8646.0,8187.0,8320.0,8823.0,4,2,1,Eira - Hernesaari   (Helsinki )
31,00160,"Blocks of flats, two-room flat",7534.666666666667,7739.777777777777,7944.888888888889,8150.0,7955.0,7955.0,4,2,1,Katajanokka   (Helsinki )
37,00170,"Blocks of flats, two-room flat",7812.0,7905.0,7590.0,7945.0,8386.0,7706.0,4,2,1,Kruununhaka   (Helsinki )
43,00180,"Blocks of flats, two-room flat",7302.0,7584.0,7903.0,8194.0,7857.0,8505.0,4,2,1,Kamppi - Ruoholahti   (Helsinki )
55,00200,"Blocks of flats, two-room flat",6261.0,6552.0,6378.0,6762.0,6605.0,7007.0,4,2,1,Lauttasaari   (Helsinki )
61,00210,"Blocks of flats, two-room flat",6836.0,6606.0,6376.0,6637.0,6479.0,6570.0,4,2,1,Vattuniemi   (Helsinki )
73,00240,"Blocks of flats, two-room flat",5010.0,5010.0,5010.0,5010.0,5010.0,5010.0,2,7,9,Länsi-Pasila   (Helsinki )
79,00250,"Blocks of flats, two-room flat",6795.0,7009.0,6971.0,6868.0,7235.0,7180.0,4,2,1,Taka-Töölö   (Helsinki )
85,00260,"Blocks of flats, two-room flat",7258.0,7019.0,7184.5,7350.0,7944.0,7897.0,4,2,1,Keski-Töölö   (Helsinki )
91,00270,"Blocks of flats, two-room flat",6579.0,6856.0,6582.0,6691.0,6842.0,6552.0,4,2,1,Pohjois-Meilahti   (Helsinki )
97,00280,"Blocks of flats, two-room flat",6298.0,6444.5,6591.0,6591.0,6591.0,6591.0,4,2,1,Ruskeasuo   (Helsinki )
109,00300,"Blocks of flats, two-room flat",3844.0,3844.0,3844.0,3844.0,3844.0,3844.0,0,4,2,Pikku Huopalahti   (Helsinki )
121,00320,"Blocks of flats, two-room flat",4695.0,5269.0,5011.0,5638.0,5541.0,5765.0,2,7,9,Etelä-Haaga   (Helsinki )
127,00330,"Blocks of flats, two-room flat",5902.0,6169.0,6289.0,6446.0,6479.0,6479.0,4,2,1,Munkkiniemi   (Helsinki )
139,00350,"Blocks of flats, two-room flat",4587.0,4914.0,4929.0,5322.0,5530.0,5599.0,2,7,9,Munkkivuori-Niemenmäki   (Helsinki )
145,00360,"Blocks of flats, two-room flat",4214.1875,4234.125,4254.0625,4274.0,4528.5,4783.0,2,7,9,Pajamäki   (Helsinki )
151,00370,"Blocks of flats, two-room flat",3284.2,3320.6,3357.0,3287.0,3217.0,3217.0,0,4,2,Reimarla   (Helsinki )
157,00380,"Blocks of flats, two-room flat",5517.6,5583.8,5650.0,4756.0,4756.0,4756.0,2,7,9,Pitäjänmäen teollisuusalue   (Helsinki )
163,00390,"Blocks of flats, two-room flat",3421.0,3550.0,3610.0,3670.0,3775.0,3852.0,0,4,2,Konala   (Helsinki )
169,00400,"Blocks of flats, two-room flat",4401.5,4338.25,4275.0,4297.0,4319.0,4974.0,2,7,9,Pohjois-Haaga   (Helsinki )
175,00410,"Blocks of flats, two-room flat",3349.0,3172.0,3240.5,3309.0,3483.0,3268.0,0,4,2,Malminkartano   (Helsinki )
181,00420,"Blocks of flats, two-room flat",3457.0,3499.5,3542.0,3538.3333333333335,3534.6666666666665,3531.0,0,4,2,Kannelmäki   (Helsinki )
193,00440,"Blocks of flats, two-room flat",3753.0,3807.0,3861.0,3876.0,4053.0,4181.0,0,4,2,Lassila   (Helsinki )
199,00500,"Blocks of flats, two-room flat",6194.0,6262.5,6331.0,6300.0,6567.0,6567.0,4,2,1,Sörnäinen   (Helsinki )
205,00510,"Blocks of flats, two-room flat",6062.0,6290.0,6243.0,6227.0,6569.0,6931.0,4,2,1,Etu-Vallila - Alppila   (Helsinki )
211,00520,"Blocks of flats, two-room flat",5251.0,5832.0,5776.0,5720.0,6504.0,6312.0,2,7,9,Itä-Pasila   (Helsinki )
217,00530,"Blocks of flats, two-room flat",5928.0,6547.0,6515.0,6392.0,6360.0,6706.0,4,2,1,Kallio   (Helsinki )
229,00550,"Blocks of flats, two-room flat",5910.0,6015.0,5848.0,5971.0,5774.0,6268.0,2,7,9,Vallila   (Helsinki )
235,00560,"Blocks of flats, two-room flat",5233.0,5320.0,5407.0,5834.0,6312.0,6297.0,2,7,9,Toukola-Vanhakaupunki   (Helsinki )
241,00570,"Blocks of flats, two-room flat",5420.0,5423.0,6300.0,6096.0,5892.0,5892.0,2,7,9,Kulosaari   (Helsinki )
259,00600,"Blocks of flats, two-room flat",2684.0,2684.0,2684.0,2684.0,2684.0,2684.0,5,6,6,Koskela-Helsinki   (Helsinki )
265,00610,"Blocks of flats, two-room flat",5573.0,5639.0,5835.0,5774.0,5390.0,6466.0,2,7,9,Käpylä   (Helsinki )
271,00620,"Blocks of flats, two-room flat",4096.8,4162.4,4228.0,4431.0,4634.0,4634.0,2,7,9,Metsälä-Etelä-Oulunkylä   (Helsinki )
277,00630,"Blocks of flats, two-room flat",3636.0,4217.0,4306.0,4290.0,3864.0,4250.0,0,4,2,Maunula-Suursuo   (Helsinki )
283,00640,"Blocks of flats, two-room flat",3546.3333333333335,3618.6666666666665,3691.0,3713.0,3713.0,3713.0,0,4,2,Oulunkylä-Patola   (Helsinki )
319,00700,"Blocks of flats, two-room flat",3454.0,3163.0,3409.0,3528.0,3398.0,3273.0,0,4,2,Malmi   (Helsinki )
325,00710,"Blocks of flats, two-room flat",2825.0,2901.0,2956.0,2700.0,2655.0,3013.0,0,4,2,Pihlajamäki   (Helsinki )
331,00720,"Blocks of flats, two-room flat",3262.5,3314.0,3206.5,3099.0,3457.0,3726.0,0,4,2,Pukinmäki-Savela   (Helsinki )
337,00730,"Blocks of flats, two-room flat",3353.0,3330.0,3307.0,3284.0,3284.0,3284.0,0,4,2,Tapanila   (Helsinki )
343,00740,"Blocks of flats, two-room flat",2352.0,2352.0,2352.0,2352.0,2352.0,2352.0,5,6,6,Siltamäki   (Helsinki )
349,00750,"Blocks of flats, two-room flat",2678.0,2678.0,2678.0,2678.0,2678.0,2678.0,5,6,6,Puistola   (Helsinki )
361,00770,"Blocks of flats, two-room flat",2549.0,2412.0,2275.0,2138.0,2001.0,2042.0,5,0,5,Jakomäki - Alppikylä   (Helsinki )
367,00780,"Blocks of flats, two-room flat",3281.5,3284.0,3286.5,3289.0,3291.5,3294.0,0,4,2,Tapaninvainio   (Helsinki )
373,00790,"Blocks of flats, two-room flat",5129.0,3982.0,4335.0,4688.0,5041.0,5054.0,2,7,9,Viikki   (Helsinki )
379,00800,"Blocks of flats, two-room flat",5218.0,4704.0,5300.0,5151.0,5221.0,5524.0,2,7,9,Länsi-Herttoniemi   (Helsinki )
385,00810,"Blocks of flats, two-room flat",5373.0,5097.0,6017.0,5918.0,5615.0,5396.0,2,7,9,Herttoniemi   (Helsinki )
391,00820,"Blocks of flats, two-room flat",3710.0,3842.5,3975.0,4107.5,4240.0,4240.0,0,4,2,Roihuvuori   (Helsinki )
403,00840,"Blocks of flats, two-room flat",3354.5,3363.0,3428.5,3494.0,4085.0,4011.0,0,4,2,Laajasalo   (Helsinki )
427,00900,"Blocks of flats, two-room flat",3700.3333333333335,3720.0,3209.0,3209.0,3209.0,3209.0,0,4,2,Puotinharju   (Helsinki )
433,00910,"Blocks of flats, two-room flat",3471.0,3594.0,3717.0,3638.0,3712.0,3797.0,0,4,2,Puotila   (Helsinki )
439,00920,"Blocks of flats, two-room flat",3114.0,3174.0,3174.0,3174.0,3174.0,3174.0,0,4,2,Myllypuro   (Helsinki )
445,00930,"Blocks of flats, two-room flat",3218.8333333333335,3233.0,3034.0,2835.0,2866.0,2897.0,0,4,2,Itäkeskus-Marjaniemi   (Helsinki )
451,00940,"Blocks of flats, two-room flat",2502.0,2510.25,2518.5,2526.75,2535.0,2749.0,5,6,6,Kontula - Vesala   (Helsinki )
457,00950,"Blocks of flats, two-room flat",3054.0,3054.0,3054.0,3054.0,3054.0,3054.0,0,4,2,Vartioharju   (Helsinki )
463,00960,"Blocks of flats, two-room flat",3204.0,2893.0,3081.0,3031.0,3133.0,3130.0,0,4,2,Pohjois-Vuosaari   (Helsinki )
469,00970,"Blocks of flats, two-room flat",2473.0,2353.0,2389.0,2387.0,2675.0,2569.0,5,6,6,Mellunmäki   (Helsinki )
475,00980,"Blocks of flats, two-room flat",3268.0,3368.6666666666665,3469.3333333333335,3570.0,3623.0,3623.0,0,4,2,Etelä-Vuosaari   (Helsinki )
481,00990,"Blocks of flats, two-room flat",4968.0,5064.0,5160.0,5049.0,5071.0,5294.0,2,7,9,Aurinkolahti   (Helsinki )
493,01150,"Blocks of flats, two-room flat",,,,,,2938.0,0,4,2,Söderkulla   (Sipoo )
499,01200,"Blocks of flats, two-room flat",2058.0,2162.0,2266.0,2228.0,2190.0,2152.0,5,0,5,Hakunila   (Vantaa )
505,01230,"Blocks of flats, two-room flat",2604.0,2604.0,2604.0,2604.0,2604.0,2604.0,5,6,6,Vaarala   (Vantaa )
517,01280,"Blocks of flats, two-room flat",2264.714285714286,2278.0,2403.0,2367.5,2332.0,2332.0,5,6,6,Länsimäki   (Vantaa )
523,01300,"Blocks of flats, two-room flat",3548.0,3954.0,3601.0,3981.0,3752.0,3713.0,0,4,2,Tikkurila   (Vantaa )
535,01350,"Blocks of flats, two-room flat",3133.0,3017.5,2902.0,3211.0,3228.0,2992.0,0,4,2,Hiekkaharju   (Vantaa )
541,01360,"Blocks of flats, two-room flat",1920.0,1981.0,1845.0,1821.0,1868.0,2025.0,5,0,8,Koivukylä-Havukoski   (Vantaa )
547,01370,"Blocks of flats, two-room flat",3443.0,3503.0,3563.0,3563.0,3563.0,3563.0,0,4,2,Jokiniemi   (Vantaa )
577,01450,"Blocks of flats, two-room flat",2531.0,2357.0,2183.0,2409.0,2635.0,2635.0,5,6,6,Korso   (Vantaa )
583,01480,"Blocks of flats, two-room flat",1831.0,1831.0,1831.0,1831.0,1831.0,1831.0,5,0,8,Mikkola   (Vantaa )
595,01510,"Blocks of flats, two-room flat",3881.0,4354.0,4466.0,4205.0,4376.0,4547.0,2,7,9,Kirkonkylä-Veromäki   (Vantaa )
601,01520,"Blocks of flats, two-room flat",4181.0,4247.0,4313.0,4379.0,4445.0,4445.0,2,7,9,Tammisto   (Vantaa )
613,01600,"Blocks of flats, two-room flat",2653.0,2756.0,2593.0,2785.0,2732.0,2986.0,5,6,6,Myyrmäki   (Vantaa )
619,01610,"Blocks of flats, two-room flat",2962.0,3241.0,3520.0,3273.0,3379.0,3206.0,0,4,2,Kaivoksela   (Vantaa )
625,01620,"Blocks of flats, two-room flat",2776.0,2762.0,2748.0,2734.0,2720.0,2706.0,5,6,6,Martinlaakso   (Vantaa )
637,01640,"Blocks of flats, two-room flat",3448.0,3448.0,3448.0,3448.0,3448.0,3448.0,0,4,2,Hämevaara   (Vantaa )
643,01650,"Blocks of flats, two-room flat",1821.0,1772.0,1723.0,2220.0,1965.5,1711.0,5,0,8,Vapaala   (Vantaa )
673,01700,"Blocks of flats, two-room flat",4231.0,4318.5,4406.0,4691.0,4549.0,4362.0,2,7,9,Kivistö   (Vantaa )
679,01710,"Blocks of flats, two-room flat",2497.0,2564.0,2734.0,2748.0,2679.0,2679.0,5,6,6,Pähkinärinne   (Vantaa )
691,01730,"Blocks of flats, two-room flat",2238.0,2238.0,2238.0,2238.0,2238.0,2238.0,5,0,5,Vantaanpuisto   (Vantaa )
709,01800,"Blocks of flats, two-room flat",1894.0,2041.0,2271.0,2501.0,2551.0,1996.0,5,0,5,Klaukkala Keskus   (Nurmijärvi )
739,01900,"Blocks of flats, two-room flat",1853.0,1597.0,1669.5,1742.0,1795.0,1848.0,1,1,0,Nurmijärvi Keskus   (Nurmijärvi )
751,02100,"Blocks of flats, two-room flat",5988.0,5915.5,5843.0,6083.5,6324.0,5803.0,2,7,9,Tapiola   (Espoo )
757,02110,"Blocks of flats, two-room flat",5216.857142857143,5224.142857142857,5231.428571428572,5238.714285714285,5246.0,5981.0,2,7,9,Otsolahti   (Espoo )
763,02120,"Blocks of flats, two-room flat",4665.333333333333,4950.666666666667,5236.0,5370.0,5504.0,5566.0,2,7,9,Länsikorkee-Suvikumpu   (Espoo )
769,02130,"Blocks of flats, two-room flat",4433.2,4484.6,4536.0,4536.0,4536.0,4536.0,2,7,9,Pohjois-Tapiola   (Espoo )
793,02170,"Blocks of flats, two-room flat",4639.0,4639.0,4639.0,4639.0,4639.0,4639.0,2,7,9,Haukilahti   (Espoo )
805,02200,"Blocks of flats, two-room flat",4789.0,5105.0,5421.0,5737.0,5535.0,5535.0,2,7,9,Niittykumpu   (Espoo )
811,02210,"Blocks of flats, two-room flat",3420.3333333333335,3559.0,3261.0,3262.0,3195.0,3195.0,0,4,2,Olari   (Espoo )
817,02230,"Blocks of flats, two-room flat",3935.5,4072.0,4292.0,4360.0,4428.0,4310.0,2,7,9,Matinkylä   (Espoo )
835,02260,"Blocks of flats, two-room flat",2290.0,2290.0,2290.0,2290.0,2290.0,2290.0,5,6,6,Kaitaa   (Espoo )
859,02320,"Blocks of flats, two-room flat",3062.0,3563.0,3013.0,3372.0,3491.0,3387.0,0,4,2,Espoonlahti   (Espoo )
865,02330,"Blocks of flats, two-room flat",4381.0,4416.0,4451.0,4486.0,4521.0,4380.0,2,7,9,Saunalahti-Kattilalaakso   (Espoo )
877,02360,"Blocks of flats, two-room flat",3015.0,3143.0,3271.0,3399.0,3399.0,3399.0,0,4,2,Soukka   (Espoo )
895,02400,"Blocks of flats, two-room flat",2305.0,2476.0,2267.0,2423.5,2580.0,2580.0,5,6,6,Kirkkonummi Keskus   (Kirkkonummi )
901,02410,"Blocks of flats, two-room flat",1309.8823529411766,1291.5882352941176,1273.2941176470588,1255.0,1255.0,1255.0,1,5,3,Gesterby   (Kirkkonummi )
931,02460,"Blocks of flats, two-room flat",1748.0,1748.0,1748.0,1748.0,1748.0,1748.0,1,1,0,Kantvik   (Kirkkonummi )
985,02600,"Blocks of flats, two-room flat",4297.0,4371.666666666667,4446.333333333333,4521.0,4192.0,4955.0,2,7,9,Etelä-Leppävaara   (Espoo )
991,02610,"Blocks of flats, two-room flat",3845.181818181818,3834.1363636363635,3823.090909090909,3812.0454545454545,3801.0,3801.0,0,4,2,Kilo   (Espoo )
997,02620,"Blocks of flats, two-room flat",2932.0,3068.6666666666665,3205.3333333333335,3342.0,3342.0,3342.0,0,4,2,Karakallio   (Espoo )
1009,02650,"Blocks of flats, two-room flat",3987.0,3931.0,4213.5,4496.0,4267.0,4366.0,2,7,9,Pohjois-Leppävaara   (Espoo )
1027,02700,"Blocks of flats, two-room flat",3852.0,3936.0,4020.0,4104.0,4104.0,4104.0,0,4,2,Kauniainen   (Kauniainen )
1033,02710,"Blocks of flats, two-room flat",2196.0,2196.0,2196.0,2196.0,2196.0,2196.0,5,0,5,Viherlaakso   (Espoo )
1057,02750,"Blocks of flats, two-room flat",3485.0,3485.0,3485.0,3485.0,3485.0,3485.0,0,4,2,Sepänkylä-Kuurinniitty   (Espoo )
1063,02760,"Blocks of flats, two-room flat",2468.0,2564.6666666666665,2661.3333333333335,2758.0,2675.5,2593.0,5,6,6,Tuomarila-Suvela   (Espoo )
1069,02770,"Blocks of flats, two-room flat",3013.5555555555557,3053.6666666666665,3093.777777777778,3133.8888888888887,3174.0,3174.0,0,4,2,Espoon Keskus   (Espoo )
1075,02780,"Blocks of flats, two-room flat",,,,,2861.0,2861.0,0,4,2,Kauklahti   (Espoo )
1129,03100,"Blocks of flats, two-room flat",2086.0,1933.0,1780.0,1907.5,2035.0,2035.0,5,0,8,Nummela   (Vihti )
1159,03400,"Blocks of flats, two-room flat",1693.0,1693.0,1693.0,1693.0,1693.0,1693.0,1,1,0,Vihti Kirkonkylä   (Vihti )
1165,03600,"Blocks of flats, two-room flat",906.0,965.5,1025.0,1303.0,1241.5,1180.0,3,3,7,Karkkila Keskus   (Karkkila )
1189,04130,"Blocks of flats, two-room flat",2419.0,2685.0,2469.3333333333335,2253.6666666666665,2038.0,2737.0,5,6,6,Sipoo   (Sipoo )
1195,04200,"Blocks of flats, two-room flat",2362.0,2423.0,2439.0,2459.0,2529.0,2599.0,5,6,6,Kerava Keskus   (Kerava )
1201,04220,"Blocks of flats, two-room flat",2757.0,2757.0,2757.0,2757.0,2757.0,2757.0,5,6,6,Ahjo-Kaskela   (Kerava )
1207,04230,"Blocks of flats, two-room flat",1890.857142857143,1884.4285714285713,1878.0,1878.0,1878.0,1878.0,5,0,8,Pihkaniitty   (Kerava )
1219,04250,"Blocks of flats, two-room flat",2429.0,2377.25,2325.5,2273.75,2222.0,2222.0,5,6,6,Alikerava   (Kerava )
1225,04260,"Blocks of flats, two-room flat",2192.4444444444443,2259.5555555555557,2326.6666666666665,2393.777777777778,2460.8888888888887,2528.0,5,6,6,Savio   (Kerava )
1231,04300,"Blocks of flats, two-room flat",2326.0,2326.0,2326.0,2326.0,2326.0,2326.0,5,6,6,Hyrylä   (Tuusula )
1243,04320,"Blocks of flats, two-room flat",1947.0,2019.5,2092.0,1790.0,1790.0,1790.0,5,0,8,Riihikallio   (Tuusula )
1255,04340,"Blocks of flats, two-room flat",1639.0,1639.0,1639.0,1639.0,1639.0,1639.0,1,1,0,Mattila   (Tuusula )
1279,04400,"Blocks of flats, two-room flat",2445.0,2431.0,2457.0,2705.0,2618.0,2351.0,5,6,6,Loutti   (Järvenpää )
1285,04410,"Blocks of flats, two-room flat",2203.0,2219.5,2236.0,1934.0,2211.0,2211.0,5,0,5,Järvenpää Keskus   (Järvenpää )
1303,04440,"Blocks of flats, two-room flat",1635.0,1635.0,1635.0,1635.0,1635.0,1635.0,1,1,0,Jamppa   (Järvenpää )
1327,04600,"Blocks of flats, two-room flat",1665.0,1731.0,1797.0,1863.0,2108.0,2033.0,5,0,8,Mäntsälä Keskus   (Mäntsälä )
1369,05200,"Blocks of flats, two-room flat",1666.0,1666.0,1666.0,1666.0,1666.0,1666.0,1,1,0,Rajamäki   (Nurmijärvi )
1375,05400,"Blocks of flats, two-room flat",1965.0,1965.0,1965.0,1965.0,1965.0,1965.0,5,0,8,Jokela   (Tuusula )
1399,05460,"Blocks of flats, two-room flat",1887.0,1887.0,1887.0,1887.0,1887.0,1887.0,5,0,8,Hakalanmäki-Hakala   (Hyvinkää )
1423,05800,"Blocks of flats, two-room flat",1799.0,1879.0,1994.0,1980.0,1924.0,2135.0,5,0,8,Hyvinkää Keskus   (Hyvinkää )
1441,05830,"Blocks of flats, two-room flat",1769.0,1647.0,1807.0,1927.0,2141.0,2228.0,5,0,8,Kirjavatolppa-Kruununpuisto   (Hyvinkää )
1459,05880,"Blocks of flats, two-room flat",982.6,937.4,892.2,847.0,912.5,978.0,3,3,7,Paavola-Vaivero   (Hyvinkää )
1465,05900,"Blocks of flats, two-room flat",1760.5,1824.3333333333333,1888.1666666666667,1952.0,1965.0,1965.0,5,0,8,Vieremä   (Hyvinkää )
1471,06100,"Blocks of flats, two-room flat",2874.0,2884.0,2896.0,2619.0,2748.0,2705.0,0,4,2,Porvoo Keskus   (Porvoo )
1477,06150,"Blocks of flats, two-room flat",1998.0,1998.0,1998.0,1998.0,1998.0,1998.0,5,0,8,Kevätkumpu   (Porvoo )
1489,06400,"Blocks of flats, two-room flat",1977.3636363636365,2019.909090909091,2062.4545454545455,2105.0,1931.5,1758.0,5,0,8,Gammelbacka   (Porvoo )
1495,06450,"Blocks of flats, two-room flat",2090.0,2090.0,2090.0,2090.0,2090.0,2090.0,5,0,5,Eestinmäki-Ernestas   (Porvoo )
1663,07900,"Blocks of flats, two-room flat",1544.111111111111,1555.5555555555557,1567.0,1567.0,1567.0,1567.0,1,1,0,Loviisa Keskus   (Loviisa )
1711,08100,"Blocks of flats, two-room flat",2443.0,2479.0,2298.0,2096.0,2349.0,2651.0,5,6,6,Lohja Keskus   (Lohja )
1717,08150,"Blocks of flats, two-room flat",1920.0,1920.0,1920.0,1920.0,1920.0,1920.0,5,0,8,Keskilohja   (Lohja )
1723,08200,"Blocks of flats, two-room flat",1191.5,1237.0,1357.0,1477.0,1613.0,1613.0,1,1,0,Ojamo   (Lohja )
1729,08350,"Blocks of flats, two-room flat",1264.0,1264.0,1264.0,1264.0,1264.0,1264.0,1,5,3,Routio   (Lohja )
1753,08700,"Blocks of flats, two-room flat",1377.0,1408.25,1439.5,1470.75,1502.0,1502.0,1,1,0,Virkkala   (Lohja )
1807,10300,"Blocks of flats, two-room flat",1420.6666666666667,1355.3333333333333,1290.0,1471.0,1241.0,1604.0,1,5,3,Karjaa Keskus   (Raasepori )
1867,10600,"Blocks of flats, two-room flat",1660.0,1709.0,1758.0,1807.0,1880.0,2156.0,5,0,8,Tammisaari Keskus   (Raasepori )
1873,10620,"Blocks of flats, two-room flat",910.0,910.0,910.0,910.0,910.0,910.0,3,3,7,Tammisaari   (Raasepori )
1885,10650,"Blocks of flats, two-room flat",1514.0,1514.0,1514.0,1514.0,1514.0,1514.0,1,1,0,Flyet   (Raasepori )
1915,10900,"Blocks of flats, two-room flat",1249.0,1506.0,1433.0,1358.0,1202.0,1393.0,1,5,3,Hanko Keskus   (Hanko )
1933,11100,"Blocks of flats, two-room flat",1225.0,1154.0,1400.0,1565.0,1727.0,1503.0,1,1,0,Riihimäki Keskus   (Riihimäki )
1939,11120,"Blocks of flats, two-room flat",1167.0,1167.0,1167.0,1167.0,1167.0,1167.0,1,5,3,Pohjois-Riihimäki   (Riihimäki )
1945,11130,"Blocks of flats, two-room flat",1402.0,1310.0,1334.3333333333333,1358.6666666666667,1383.0,1383.0,1,5,3,Peltosaari-Patastenmäki   (Riihimäki )
1957,11710,"Blocks of flats, two-room flat",1327.0,1327.0,1327.0,1327.0,1327.0,1327.0,1,5,3,Herajoki   (Riihimäki )
1963,11910,"Blocks of flats, two-room flat",1153.032258064516,1143.0,1143.0,1143.0,1143.0,1143.0,1,5,3,Lasi-Kumela   (Janakkala )
1999,12400,"Blocks of flats, two-room flat",837.5,854.75,872.0,723.0,723.0,723.0,3,3,4,Tervakoski   (Janakkala )
2029,13100,"Blocks of flats, two-room flat",2248.0,2135.0,2242.0,2054.0,2134.0,2340.0,5,0,5,Hämeenlinna Keskus   (Hämeenlinna )
2041,13130,"Blocks of flats, two-room flat",1558.0,1649.0,1661.0,1598.0,1799.0,1997.0,1,1,0,Kauriala   (Hämeenlinna )
2047,13200,"Blocks of flats, two-room flat",2541.0,2541.0,2541.0,2541.0,2541.0,2541.0,5,6,6,Keinusaari   (Hämeenlinna )
2053,13210,"Blocks of flats, two-room flat",1465.5,1235.0,1341.0,1332.0,1548.0,1839.0,1,1,0,Hätilä   (Hämeenlinna )
2059,13220,"Blocks of flats, two-room flat",2736.0,2736.0,2736.0,2736.0,2736.0,2736.0,5,6,6,Sairio   (Hämeenlinna )
2095,13500,"Blocks of flats, two-room flat",1421.0,1421.0,1421.0,1421.0,1421.0,1421.0,1,1,0,Jukola   (Hattula )
2101,13600,"Blocks of flats, two-room flat",1404.0,1404.0,1404.0,1404.0,1404.0,1404.0,1,5,3,Ojoinen   (Hämeenlinna )
2113,13720,"Blocks of flats, two-room flat",1590.0,1590.0,1590.0,1590.0,1590.0,1590.0,1,1,0,Parola   (Hattula )
2137,14200,"Blocks of flats, two-room flat",1270.1176470588234,1274.2941176470588,1278.4705882352941,1282.6470588235295,1286.8235294117646,1291.0,1,5,3,Turenki   (Janakkala )
2197,15100,"Blocks of flats, two-room flat",1903.0,2117.0,2297.0,1848.0,2058.0,2173.0,5,0,5,Lahti Asemanseutu   (Lahti )
2203,15110,"Blocks of flats, two-room flat",2594.0,2205.0,2282.0,2282.0,2290.0,2796.0,5,6,6,Keski-Lahti   (Lahti )
2209,15140,"Blocks of flats, two-room flat",2289.0,2092.0,2302.0,2403.0,2612.0,2563.0,5,6,6,Kartano-Paavola   (Lahti )
2215,15150,"Blocks of flats, two-room flat",1786.0,1403.0,1544.0,1858.0,1342.0,1585.0,1,1,0,Möysä   (Lahti )
2227,15170,"Blocks of flats, two-room flat",1618.0,1350.5,1083.0,1015.5,948.0,948.0,1,5,3,Tenava-Tonttila   (Lahti )
2233,15200,"Blocks of flats, two-room flat",1169.4,1140.6,1111.8,1083.0,1083.0,1083.0,1,5,3,Kiveriö   (Lahti )
2239,15210,"Blocks of flats, two-room flat",1394.0,1362.0,1330.0,1327.5,1325.0,1488.0,1,5,3,Kivistönmäki   (Lahti )
2251,15240,"Blocks of flats, two-room flat",934.0,973.5,1013.0,963.0,1165.0,1165.0,3,3,7,Mukkula   (Lahti )
2269,15320,"Blocks of flats, two-room flat",1414.047619047619,1415.2857142857142,1416.5238095238096,1417.7619047619048,1419.0,1419.0,1,1,0,Ahtiala   (Lahti )
2281,15500,"Blocks of flats, two-room flat",977.0,968.8,960.6,952.4,944.2,936.0,3,3,7,Liipola   (Lahti )
2287,15520,"Blocks of flats, two-room flat",1219.0,1258.5,1298.0,1147.0,1147.0,1147.0,1,5,3,Saksala   (Lahti )
2299,15550,"Blocks of flats, two-room flat",992.0,992.0,992.0,992.0,992.0,992.0,3,3,7,Rakokivi   (Lahti )
2305,15560,"Blocks of flats, two-room flat",1195.0,1195.0,1195.0,1195.0,1195.0,1195.0,1,5,3,Nastola kk   (Lahti )
2323,15700,"Blocks of flats, two-room flat",2292.0,1492.0,1730.0,1687.0,1633.0,1633.0,1,1,0,Hennala-Jokimaa   (Hollola )
2329,15800,"Blocks of flats, two-room flat",1953.0,1953.0,1953.0,1953.0,1953.0,1953.0,5,0,8,Kärpänen   (Lahti )
2341,15830,"Blocks of flats, two-room flat",792.0,804.3333333333334,816.6666666666666,829.0,807.0,807.0,3,3,7,Metsäkangas   (Lahti )
2359,15860,"Blocks of flats, two-room flat",997.0,966.0,966.0,966.0,966.0,966.0,3,3,7,Kartano   (Hollola )
2365,15870,"Blocks of flats, two-room flat",985.0,985.0,985.0,985.0,985.0,985.0,3,3,7,Salpakangas   (Hollola )
2371,15880,"Blocks of flats, two-room flat",862.0,862.0,862.0,862.0,862.0,862.0,3,3,7,Soramäki   (Hollola )
2383,15950,"Blocks of flats, two-room flat",1466.5,1435.75,1405.0,1673.0,1673.0,1673.0,1,1,0,Kiikkula   (Lahti )
2413,16300,"Blocks of flats, two-room flat",871.0,871.0,871.0,871.0,871.0,871.0,3,3,7,Orimattila Keskus   (Orimattila )
2461,16900,"Blocks of flats, two-room flat",837.0,837.0,837.0,837.0,837.0,837.0,3,3,7,Lammi kk   (Hämeenlinna )
2479,17200,"Blocks of flats, two-room flat",1338.0,1338.0,1338.0,1338.0,1338.0,1338.0,1,5,3,Vääksy Keskus   (Asikkala )
2497,17800,"Blocks of flats, two-room flat",647.0,647.0,647.0,647.0,647.0,647.0,3,3,4,Kuhmoinen Keskus   (Kuhmoinen )
2503,18100,"Blocks of flats, two-room flat",1239.6,1261.0,1383.0,949.0,1166.0,1281.0,1,5,3,Heinola Keskus   (Heinola )
2515,18130,"Blocks of flats, two-room flat",732.0,732.0,732.0,732.0,732.0,732.0,3,3,4,Tommola-Sahanniemi   (Heinola )
2521,18150,"Blocks of flats, two-room flat",974.0,974.0,974.0,974.0,974.0,974.0,3,3,7,Jyränkö   (Heinola )
2527,18200,"Blocks of flats, two-room flat",735.0,735.0,735.0,735.0,735.0,735.0,3,3,4,Kaakonlampi-Pyhätön   (Heinola )
2641,20100,"Blocks of flats, two-room flat",3553.0,3370.0,3574.0,3743.0,3604.0,3624.0,0,4,2,Turku Keskus   (Turku )
2647,20200,"Blocks of flats, two-room flat",2925.0,2642.5,2360.0,3041.0,2960.5,2880.0,0,4,2,Iso-Heikkilä   (Turku )
2653,20210,"Blocks of flats, two-room flat",1177.3333333333333,1191.0,1190.0,1327.0,1327.0,1327.0,1,5,3,Pahaniemi   (Turku )
2659,20240,"Blocks of flats, two-room flat",1256.0,1256.0,1256.0,1256.0,1256.0,1256.0,1,5,3,Pansio-Perno   (Turku )
2671,20300,"Blocks of flats, two-room flat",2646.0,2848.0,2704.0,2597.0,2870.0,3413.0,0,4,2,Pohjola-Kastu   (Turku )
2677,20320,"Blocks of flats, two-room flat",1784.0,1790.5,1797.0,1781.0,1895.0,2206.0,5,0,8,Kuninkoja-Mälikkälä   (Turku )
2683,20360,"Blocks of flats, two-room flat",1331.0,1298.0,1417.0,1288.0,1310.0,1339.0,1,5,3,Kärsämäki-Urusvuori-Halinen   (Turku )
2701,20460,"Blocks of flats, two-room flat",907.0,907.0,907.0,907.0,907.0,907.0,3,3,7,Jäkärlä   (Turku )
2707,20500,"Blocks of flats, two-room flat",3282.0,3444.0,3606.0,3387.0,3441.0,3617.0,0,4,2,Vesilinna   (Turku )
2713,20520,"Blocks of flats, two-room flat",3662.25,3777.0,3753.6666666666665,3730.3333333333335,3707.0,3707.0,0,4,2,Kupittaa   (Turku )
2719,20540,"Blocks of flats, two-room flat",2312.4285714285716,2357.714285714286,2403.0,2423.0,2443.0,2463.0,5,6,6,Nummi-Ylioppilaskylä   (Turku )
2725,20610,"Blocks of flats, two-room flat",1261.0,1284.8,1308.6,1332.4,1356.2,1380.0,1,5,3,Varissuo   (Turku )
2731,20660,"Blocks of flats, two-room flat",2170.0,2170.0,2170.0,2170.0,2170.0,2170.0,5,0,5,Littoinen   (Kaarina )
2737,20700,"Blocks of flats, two-room flat",3225.0,3502.0,3532.0,3285.0,3342.0,3919.0,0,4,2,Vartiovuori-Samppalinna   (Turku )
2743,20720,"Blocks of flats, two-room flat",2391.0,2638.0,2591.5,2545.0,2498.5,2452.0,5,6,6,Vasaramäki   (Turku )
2755,20740,"Blocks of flats, two-room flat",1924.1818181818182,1957.5454545454545,1990.909090909091,2024.2727272727273,2057.6363636363635,2091.0,5,0,5,Ilpoinen-Harittu   (Turku )
2761,20750,"Blocks of flats, two-room flat",977.0,1076.0,1066.75,1057.5,1048.25,1039.0,3,3,7,Huhkola-Lauste-Vaala   (Turku )
2767,20760,"Blocks of flats, two-room flat",1978.0,1978.0,1978.0,1978.0,1978.0,1978.0,5,0,8,Piispanristi   (Kaarina )
2773,20780,"Blocks of flats, two-room flat",2051.0,2308.0,2088.0,1899.0,1868.0,2138.0,5,0,8,Kaarina Keskus   (Kaarina )
2779,20810,"Blocks of flats, two-room flat",3279.0,3261.0,3209.0,3435.0,3378.0,3713.0,0,4,2,Martti-Korppolaismäki   (Turku )
2785,20880,"Blocks of flats, two-room flat",1957.0,1917.0,1877.0,1956.5,2036.0,2036.0,5,0,8,Uittamo   (Turku )
2803,21100,"Blocks of flats, two-room flat",1969.0,2004.5,2040.0,2159.0,2278.0,2357.0,5,0,5,Naantali Keskus   (Naantali )
2809,21110,"Blocks of flats, two-room flat",1370.5714285714287,1353.7857142857142,1337.0,1337.0,1337.0,1337.0,1,5,3,Taimo-Nuhjala-Lietsala   (Naantali )
2851,21200,"Blocks of flats, two-room flat",1753.0,1597.0,1699.0,1774.0,1684.0,1818.0,1,1,0,Raisio Keskus   (Raisio )
2857,21210,"Blocks of flats, two-room flat",1109.0,1109.0,1109.0,1109.0,1109.0,1109.0,1,5,3,Hakinmäki   (Raisio )
2863,21220,"Blocks of flats, two-room flat",940.0,940.0,940.0,940.0,940.0,940.0,3,3,7,Somersoja   (Raisio )
2953,21420,"Blocks of flats, two-room flat",1724.0,1907.5,2091.0,2274.5,2458.0,2458.0,5,0,5,Lieto Keskus   (Lieto )
2977,21500,"Blocks of flats, two-room flat",1376.2903225806451,1381.6451612903224,1387.0,1257.0,1257.0,1257.0,1,5,3,Piikkiö   (Kaarina )
2983,21530,"Blocks of flats, two-room flat",1298.6,1268.8,1239.0,1268.5,1298.0,1298.0,1,5,3,Paimio Keskus   (Paimio )
3013,21600,"Blocks of flats, two-room flat",1131.0,1213.0,1295.0,1313.0,1179.0,1496.0,1,5,3,Parainen Keskus   (Parainen )
3169,23500,"Blocks of flats, two-room flat",1130.3333333333333,1115.6666666666667,1101.0,1144.0,1031.0,1465.0,1,5,3,Uusikaupunki Keskus   (Uusikaupunki )
3181,23800,"Blocks of flats, two-room flat",997.6,1028.8,1060.0,1060.0,1060.0,1060.0,3,3,7,Laitila Keskus   (Laitila )
3199,24100,"Blocks of flats, two-room flat",1565.0,1311.0,1424.0,1425.0,1344.0,1418.0,1,5,3,Salo Keskus   (Salo )
3211,24240,"Blocks of flats, two-room flat",1204.8333333333333,1153.6666666666667,1102.5,1051.3333333333333,1000.1666666666667,949.0,3,3,7,Rappula   (Salo )
3217,24260,"Blocks of flats, two-room flat",944.0,944.0,944.0,944.0,944.0,944.0,3,3,7,Ollikkala   (Salo )
3229,24800,"Blocks of flats, two-room flat",1241.6666666666667,1240.1333333333334,1238.6,1237.0666666666666,1235.5333333333333,1234.0,1,5,3,Halikko Keskus   (Salo )
3433,25900,"Blocks of flats, two-room flat",,,,877.0,877.0,877.0,3,3,7,Taalintehdas   (Kemiönsaari )
3445,26100,"Blocks of flats, two-room flat",1500.0,1387.0,1365.0,1307.0,1423.0,1545.0,1,5,3,Rauma Keskus   (Rauma )
3451,26200,"Blocks of flats, two-room flat",1099.0,1099.0,1099.0,1099.0,1099.0,1099.0,3,3,7,Merirauma-Kappelinluhta   (Rauma )
3469,26660,"Blocks of flats, two-room flat",851.4285714285714,866.2857142857143,881.1428571428571,896.0,896.0,896.0,3,3,7,Paroalho   (Rauma )
3541,27500,"Blocks of flats, two-room flat",770.0,770.0,770.0,770.0,770.0,770.0,3,3,4,Kauttua   (Eura )
3631,28100,"Blocks of flats, two-room flat",1971.0,1900.0,1913.0,1867.0,1798.0,1601.0,5,0,8,Pori Keskus   (Pori )
3637,28120,"Blocks of flats, two-room flat",1190.2857142857142,1186.7142857142858,1183.142857142857,1179.5714285714287,1176.0,1176.0,1,5,3,Käppärä-Isomäki   (Pori )
3643,28130,"Blocks of flats, two-room flat",1200.0,1667.0,1714.0,1932.0,1600.5,1269.0,1,1,0,Impola   (Pori )
3649,28190,"Blocks of flats, two-room flat",766.0,766.0,766.0,766.0,766.0,766.0,3,3,4,Pormestarinluoto   (Pori )
3685,28330,"Blocks of flats, two-room flat",808.0,808.0,808.0,808.0,808.0,808.0,3,3,4,Koivistonluoto   (Pori )
3691,28360,"Blocks of flats, two-room flat",,,,,,658.0,3,3,4,Vanhakoivisto   (Pori )
3697,28370,"Blocks of flats, two-room flat",552.5,550.3333333333334,548.1666666666666,546.0,546.0,546.0,3,3,4,Sampola   (Pori )
3703,28400,"Blocks of flats, two-room flat",982.0,982.0,982.0,982.0,982.0,982.0,3,3,7,Ulvila Keskus   (Ulvila )
3757,28800,"Blocks of flats, two-room flat",558.0,558.0,558.0,558.0,558.0,558.0,3,3,4,Pihlava   (Pori )
3787,29200,"Blocks of flats, two-room flat",640.0,640.0,640.0,640.0,640.0,640.0,3,3,4,Harjavalta Keskus   (Harjavalta )
3793,29250,"Blocks of flats, two-room flat",963.0,963.0,963.0,963.0,963.0,963.0,3,3,7,Nakkila Keskus   (Nakkila )
3859,30100,"Blocks of flats, two-room flat",1250.0,1171.0,1092.0,1013.0,1055.0,1202.0,1,5,3,Forssa Keskus   (Tammela )
3865,30300,"Blocks of flats, two-room flat",619.6666666666666,619.3333333333334,619.0,618.6666666666666,618.3333333333334,618.0,3,3,4,Viksberg   (Forssa )
3871,30420,"Blocks of flats, two-room flat",999.8888888888889,985.4444444444445,971.0,971.0,971.0,971.0,3,3,7,Tölö   (Forssa )
3979,32200,"Blocks of flats, two-room flat",998.0,935.0,872.0,809.0,855.0,855.0,3,3,7,Loimaa Keskus   (Loimaa )
3985,32210,"Blocks of flats, two-room flat",684.0,684.0,684.0,684.0,684.0,684.0,3,3,4,Loimaa kk   (Loimaa )
4045,32700,"Blocks of flats, two-room flat",926.5,962.625,998.75,1034.875,1071.0,1071.0,3,3,7,Huittinen Keskus   (Huittinen )
4087,33100,"Blocks of flats, two-room flat",3808.0,3876.0,3911.0,3839.0,4141.0,4632.0,0,4,2,Tampere Keskus   (Tampere )
4093,33180,"Blocks of flats, two-room flat",4203.0,4203.0,4203.0,4203.0,4203.0,4203.0,2,7,9,Lapinniemi-Käpylä   (Tampere )
4099,33200,"Blocks of flats, two-room flat",3806.0,3937.0,3761.0,3779.0,4114.0,3978.0,0,4,2,Tampere Keskus Läntinen   (Tampere )
4105,33210,"Blocks of flats, two-room flat",3605.0,3750.0,3824.3333333333335,3898.6666666666665,3973.0,3859.0,0,4,2,Itä-Amuri-Tammerkoski   (Tampere )
4111,33230,"Blocks of flats, two-room flat",3507.0,3729.0,3839.0,3249.0,4144.0,3752.0,0,4,2,Länsi-Amuri   (Tampere )
4117,33240,"Blocks of flats, two-room flat",2868.0,2868.0,2868.0,2868.0,2868.0,2868.0,0,4,2,Tahmela   (Tampere )
4123,33250,"Blocks of flats, two-room flat",2992.0,2992.0,2992.0,2992.0,2992.0,2992.0,0,4,2,Pispala   (Tampere )
4129,33270,"Blocks of flats, two-room flat",2541.0,2434.0,2577.3333333333335,2720.6666666666665,2864.0,2701.0,5,6,6,Epilä   (Tampere )
4135,33300,"Blocks of flats, two-room flat",2194.6666666666665,2213.3333333333335,2232.0,1851.0,1851.0,1851.0,5,0,8,Rahola   (Tampere )
4141,33310,"Blocks of flats, two-room flat",1687.0,1801.6666666666667,1916.3333333333333,2031.0,1853.0,1853.0,5,0,8,Tesoma   (Tampere )
4147,33330,"Blocks of flats, two-room flat",1863.5,1893.0,1922.5,1952.0,1981.5,2011.0,5,0,8,Myllypuro-Kalkku   (Tampere )
4153,33340,"Blocks of flats, two-room flat",1314.0,1314.0,1314.0,1314.0,1314.0,1314.0,1,5,3,Haukiluoma-Ikuri   (Tampere )
4159,33400,"Blocks of flats, two-room flat",3053.0,3205.0,3357.0,3359.0,3361.0,2961.0,0,4,2,Luoteis-Tampere   (Tampere )
4165,33410,"Blocks of flats, two-room flat",1779.0,1884.0,1663.0,2211.0,2326.0,2012.0,5,0,5,Lentävänniemi   (Tampere )
4189,33470,"Blocks of flats, two-room flat",1638.8,1530.0,1941.0,1941.0,1941.0,1941.0,5,0,8,Ylöjärvi Keskus   (Ylöjärvi )
4201,33500,"Blocks of flats, two-room flat",3375.0,3373.0,3515.0,3644.0,3474.0,3503.0,0,4,2,Osmonmäki-Petsamo   (Tampere )
4207,33520,"Blocks of flats, two-room flat",2245.0,2245.0,2245.0,2245.0,2245.0,2245.0,5,0,5,Keskussairaala-alue-Kauppi   (Tampere )
4213,33530,"Blocks of flats, two-room flat",2762.0,2812.0,2793.0,2774.0,3270.0,3129.0,0,4,2,Kissanmaa   (Tampere )
4219,33540,"Blocks of flats, two-room flat",3332.0,3161.0,3440.0,3731.0,3531.0,3738.0,0,4,2,Kaleva   (Tampere )
4225,33560,"Blocks of flats, two-room flat",2533.0,2513.0,2497.0,2481.0,2465.0,2342.0,5,6,6,Takahuhti   (Tampere )
4231,33580,"Blocks of flats, two-room flat",2779.0,2664.0,2549.0,2497.0,2826.0,2627.0,5,6,6,Atala-Linnainmaa   (Tampere )
4255,33710,"Blocks of flats, two-room flat",2041.6666666666667,2010.0,2085.0,2086.5,2088.0,2088.0,5,0,5,Kaukajärvi   (Tampere )
4261,33720,"Blocks of flats, two-room flat",1935.0,1797.0,1892.0,2013.0,1825.0,1841.0,5,0,8,Hervanta   (Tampere )
4273,33800,"Blocks of flats, two-room flat",2448.0,2568.0,2546.0,2718.0,2890.0,3062.0,5,6,6,Nekala   (Tampere )
4279,33820,"Blocks of flats, two-room flat",2088.0,1973.0,2065.25,2157.5,2249.75,2342.0,5,0,5,Koivistonkylä   (Tampere )
4285,33840,"Blocks of flats, two-room flat",1818.6666666666667,1808.3333333333333,1798.0,1826.5,1855.0,1841.0,5,0,8,Peltolammi   (Tampere )
4291,33850,"Blocks of flats, two-room flat",1335.1176470588234,1353.0588235294117,1371.0,1371.0,1371.0,1371.0,1,5,3,Multisilta   (Pirkkala )
4297,33870,"Blocks of flats, two-room flat",3251.0,3245.0,3559.0,3440.0,3428.0,3416.0,0,4,2,Vuores   (Lempäälä )
4303,33880,"Blocks of flats, two-room flat",1476.0,1476.0,1476.0,1476.0,1476.0,1476.0,1,1,0,Höytämö   (Lempäälä )
4309,33900,"Blocks of flats, two-room flat",3185.0,3328.0,2876.0,3398.0,3501.0,3139.0,0,4,2,Härmälä-Rantaperkiö   (Tampere )
4321,33950,"Blocks of flats, two-room flat",2216.0,2856.0,2856.0,2856.0,2856.0,2856.0,5,6,6,Killo   (Pirkkala )
4327,33960,"Blocks of flats, two-room flat",2896.5,2940.0,2724.5,2509.0,2509.0,2509.0,5,6,6,Suuppa   (Pirkkala )
4375,34600,"Blocks of flats, two-room flat",645.0,645.0,645.0,645.0,645.0,645.0,3,3,4,Ruovesi Keskus-Nenonen   (Ruovesi )
4381,34800,"Blocks of flats, two-room flat",936.0,936.0,936.0,936.0,936.0,936.0,3,3,7,Virrat Keskus   (Virrat )
4411,35300,"Blocks of flats, two-room flat",860.0,886.0,912.0,938.0,938.0,938.0,3,3,7,Orivesi Keskus   (Orivesi )
4465,35700,"Blocks of flats, two-room flat",572.0,572.0,572.0,572.0,572.0,572.0,3,3,4,Vilppula Keskus   (Mänttä-Vilppula )
4471,35800,"Blocks of flats, two-room flat",566.0,566.0,566.0,566.0,566.0,566.0,3,3,4,Mänttä   (Mänttä-Vilppula )
4501,36200,"Blocks of flats, two-room flat",1968.0,2040.0,1653.0,1971.0,2016.0,2061.0,5,0,8,Kangasala Keskus   (Kangasala )
4507,36220,"Blocks of flats, two-room flat",2209.0,1532.0,1532.0,1532.0,1532.0,1532.0,1,1,0,Suorama   (Kangasala )
4513,36240,"Blocks of flats, two-room flat",1738.0,1875.0,2012.0,1935.0,1858.0,1781.0,5,0,8,Nattari   (Kangasala )
4591,37100,"Blocks of flats, two-room flat",1366.0,1434.0,1502.0,1555.0,1749.0,1815.0,1,1,0,Nokia Keskus   (Nokia )
4597,37120,"Blocks of flats, two-room flat",1624.875,1581.25,1537.625,1494.0,1480.0,1466.0,1,1,0,Koskenmäki   (Nokia )
4621,37200,"Blocks of flats, two-room flat",679.0,679.0,679.0,679.0,679.0,679.0,3,3,4,Siuro   (Nokia )
4657,37500,"Blocks of flats, two-room flat",1873.0,2069.0,2082.0,2095.0,2108.0,2010.0,5,0,5,Lempäälä Keskus   (Lempäälä )
4681,37600,"Blocks of flats, two-room flat",1121.0,1270.0,1107.0,1070.0,1163.0,1259.0,1,5,3,Valkeakoski Keskus   (Valkeakoski )
4687,37630,"Blocks of flats, two-room flat",886.6363636363636,885.0909090909091,883.5454545454545,882.0,882.0,882.0,3,3,7,Vääräkoivu   (Valkeakoski )
4699,37800,"Blocks of flats, two-room flat",1633.0,1350.0,1067.0,998.0,1211.0,1211.0,1,5,3,Toijala keskus   (Akaa )
4741,38200,"Blocks of flats, two-room flat",1412.5,1447.0,1436.0,1613.0,1511.0,1501.0,1,1,0,Vammala Keskus   (Sastamala )
4747,38210,"Blocks of flats, two-room flat",930.7142857142857,930.2857142857143,929.8571428571429,929.4285714285714,929.0,929.0,3,3,7,Vammala Asemanseutu   (Sastamala )
4801,38700,"Blocks of flats, two-room flat",1698.0,1698.0,1698.0,1698.0,1698.0,1698.0,1,1,0,Kankaanpää Keskus   (Kankaanpää )
4807,38710,"Blocks of flats, two-room flat",670.0,670.0,670.0,670.0,670.0,670.0,3,3,4,Myllymäki   (Kankaanpää )
4855,39200,"Blocks of flats, two-room flat",936.0,936.0,936.0,936.0,936.0,936.0,3,3,7,Kyröskoski   (Hämeenkyrö )
4873,39500,"Blocks of flats, two-room flat",1306.0,1306.0,1306.0,1306.0,1306.0,1306.0,1,5,3,Ikaalinen Keskus   (Ikaalinen )
4885,39700,"Blocks of flats, two-room flat",1130.0,1130.0,1130.0,1130.0,1130.0,1130.0,1,5,3,Parkano Keskus   (Parkano )
4903,40100,"Blocks of flats, two-room flat",2728.0,2831.0,2780.0,2642.0,2783.0,2897.0,5,6,6,Jyväskylä Keskus   (Jyväskylä )
4909,40200,"Blocks of flats, two-room flat",2288.0,2303.0,2318.0,2182.0,2372.5,2563.0,5,6,6,Mannila-Taulumäki   (Jyväskylä )
4915,40250,"Blocks of flats, two-room flat",1185.0,1185.0,1185.0,1185.0,1185.0,1185.0,1,5,3,Ritoniemi-Lohikoski   (Jyväskylä )
4921,40270,"Blocks of flats, two-room flat",2029.3076923076924,2072.846153846154,2116.3846153846152,2159.923076923077,2203.4615384615386,2247.0,5,0,5,Pappilanrinne-Pappilanvuori   (Jyväskylä )
4927,40320,"Blocks of flats, two-room flat",1244.6666666666667,1320.3333333333333,1396.0,2051.0,1608.0,1621.0,1,1,0,Seppälän Teollisuusalue   (Jyväskylä )
4933,40340,"Blocks of flats, two-room flat",822.0,702.0,793.0,675.0,815.0,792.0,3,3,4,Huhtasuo   (Jyväskylä )
4939,40400,"Blocks of flats, two-room flat",2142.0,2142.0,2142.0,2142.0,2142.0,2142.0,5,0,5,Halssila   (Jyväskylä )
4945,40420,"Blocks of flats, two-room flat",1078.0,1078.0,1078.0,1078.0,1078.0,1078.0,3,3,7,Jyskä   (Jyväskylä )
4951,40500,"Blocks of flats, two-room flat",2302.8,2341.2,2379.6,2418.0,2418.0,2418.0,5,6,6,Keljo-Ristonmaa   (Jyväskylä )
4957,40520,"Blocks of flats, two-room flat",2350.0,2095.0,2179.0,2188.0,2135.0,1930.0,5,0,5,Kuokkala-Ristikivi   (Jyväskylä )
4969,40600,"Blocks of flats, two-room flat",1922.0,1922.0,1922.0,1922.0,1922.0,1922.0,5,0,8,Mattilanpelto   (Jyväskylä )
4981,40630,"Blocks of flats, two-room flat",1616.0,1616.0,1616.0,1616.0,1616.0,1616.0,1,1,0,Kypärämäki   (Jyväskylä )
4987,40640,"Blocks of flats, two-room flat",961.0,821.0,904.0,929.5,955.0,955.0,3,3,7,Keltinmäki   (Jyväskylä )
4993,40700,"Blocks of flats, two-room flat",2290.0,2747.0,2611.0,2507.0,2571.0,2285.0,5,6,6,Mäki-Matti   (Jyväskylä )
4999,40720,"Blocks of flats, two-room flat",2312.0,2340.0,2368.0,2416.0,2252.0,2252.0,5,6,6,Nisula   (Jyväskylä )
5005,40740,"Blocks of flats, two-room flat",1587.0,1590.5,1594.0,1472.0,1350.0,2048.0,1,1,0,Kortepohja   (Jyväskylä )
5011,40800,"Blocks of flats, two-room flat",1227.0,1330.0,1433.0,1536.0,1183.0,830.0,1,5,3,Vaajakoski   (Jyväskylä )
5017,40820,"Blocks of flats, two-room flat",856.0,856.0,856.0,856.0,856.0,856.0,3,3,7,Vuoritsalo   (Jyväskylä )
5023,40900,"Blocks of flats, two-room flat",627.0,627.0,627.0,627.0,627.0,627.0,3,3,4,Säynätsalo   (Jyväskylä )
5035,40950,"Blocks of flats, two-room flat",1358.0,1303.5,1249.0,1249.0,1249.0,1249.0,1,5,3,Muurame Keskus   (Muurame )
5053,41160,"Blocks of flats, two-room flat",1030.0,1030.0,1030.0,1030.0,1030.0,1030.0,3,3,7,Tikkakoski   (Jyväskylä )
5101,41330,"Blocks of flats, two-room flat",501.0,501.0,501.0,501.0,501.0,501.0,3,3,4,Vihtavuori   (Laukaa )
5107,41340,"Blocks of flats, two-room flat",1539.0,1539.0,1539.0,1539.0,1539.0,1539.0,1,1,0,Laukaa Keskus   (Laukaa )
5215,42100,"Blocks of flats, two-room flat",1037.0,1037.0,1037.0,1037.0,1037.0,1037.0,3,3,7,Jämsä Keskus   (Jämsä )
5227,42300,"Blocks of flats, two-room flat",485.0,485.0,485.0,485.0,485.0,485.0,3,3,4,Jämsänkoski Keskus   (Jämsä )
5245,42700,"Blocks of flats, two-room flat",598.0,619.0,640.0,661.0,682.0,682.0,3,3,4,Keuruu Keskus   (Keuruu )
5275,43100,"Blocks of flats, two-room flat",972.5,974.25,976.0,640.5,305.0,305.0,3,3,4,Saarijärvi Keskus   (Saarijärvi )
5329,44100,"Blocks of flats, two-room flat",1075.0,1019.3333333333334,963.6666666666667,908.0,1021.0,1021.0,3,3,7,Äänekoski Keskus   (Äänekoski )
5341,44150,"Blocks of flats, two-room flat",819.0,820.0,821.0,822.0,823.0,823.0,3,3,7,Likolahti-Karhunlähde   (Äänekoski )
5353,44200,"Blocks of flats, two-room flat",591.0,591.0,591.0,591.0,591.0,591.0,3,3,4,Suolahti Keskus   (Äänekoski )
5395,44500,"Blocks of flats, two-room flat",,,783.0,783.0,783.0,783.0,3,3,4,Viitasaari Keskus   (Viitasaari )
5431,45100,"Blocks of flats, two-room flat",1515.0,1247.0,1379.0,1177.0,1262.0,1432.0,1,5,3,Kouvola Keskus   (Kouvola )
5443,45130,"Blocks of flats, two-room flat",1192.0,1192.0,1192.0,1192.0,1192.0,1192.0,1,5,3,Korjala-Kaunisnurmi   (Kouvola )
5449,45150,"Blocks of flats, two-room flat",611.0,611.0,611.0,611.0,611.0,611.0,3,3,4,Kankaronmäki-Eskolanmäki   (Kouvola )
5455,45160,"Blocks of flats, two-room flat",877.6,927.0,811.0,695.0,718.0,741.0,3,3,4,Lehtomäki   (Kouvola )
5461,45200,"Blocks of flats, two-room flat",857.0,764.0,988.0,965.0,942.0,942.0,3,3,7,Tornionmäki   (Kouvola )
5497,45700,"Blocks of flats, two-room flat",757.0,988.0,772.0,866.0,1159.0,1159.0,3,3,7,Kuusankoski Keskus   (Kouvola )
5503,45720,"Blocks of flats, two-room flat",814.0,814.0,814.0,814.0,814.0,814.0,3,3,4,Kotiharju-Ruhjonmäki   (Kouvola )
5551,46800,"Blocks of flats, two-room flat",838.0,838.0,838.0,838.0,838.0,838.0,3,3,7,Myllykoski   (Kouvola )
5569,46900,"Blocks of flats, two-room flat",776.0,776.0,776.0,776.0,776.0,776.0,3,3,4,Inkeroinen   (Kouvola )
5611,48100,"Blocks of flats, two-room flat",1548.0,1407.0,1397.0,1381.0,1558.0,1570.0,1,1,0,Kotkansaari   (Kotka )
5623,48200,"Blocks of flats, two-room flat",926.0,917.5,909.0,900.5,892.0,892.0,3,3,7,Hovinsaari   (Kotka )
5659,48350,"Blocks of flats, two-room flat",577.0,577.0,577.0,577.0,577.0,577.0,3,3,4,Karhuvuori   (Kotka )
5677,48600,"Blocks of flats, two-room flat",903.0,1226.0,987.0,1098.0,1081.0,1273.0,3,3,7,Karhula   (Kotka )
5683,48700,"Blocks of flats, two-room flat",1180.0,1180.0,1180.0,1180.0,1180.0,1180.0,1,5,3,Kyminlinna   (Kotka )
5767,49400,"Blocks of flats, two-room flat",1022.5,1152.0,1071.0,1082.0,1414.0,1414.0,1,5,3,Hamina Keskus   (Hamina )
5845,50100,"Blocks of flats, two-room flat",1857.0,1734.0,1773.0,1958.0,1908.0,1694.0,5,0,8,Mikkeli Keskus   (Mikkeli )
5851,50120,"Blocks of flats, two-room flat",1192.0,1192.0,1192.0,1192.0,1192.0,1192.0,1,5,3,Siekkilä   (Mikkeli )
5857,50130,"Blocks of flats, two-room flat",2026.142857142857,1980.4285714285713,1934.7142857142858,1889.0,1889.0,1889.0,5,0,8,Nuijamies   (Mikkeli )
5869,50160,"Blocks of flats, two-room flat",606.0,606.0,606.0,606.0,606.0,606.0,3,3,4,Kattilansilta   (Mikkeli )
5875,50170,"Blocks of flats, two-room flat",1741.0,1800.0,1859.0,1676.0,1493.0,1310.0,1,1,0,Peitsari   (Mikkeli )
5887,50190,"Blocks of flats, two-room flat",910.0,910.0,910.0,910.0,910.0,910.0,3,3,7,Tuppurala   (Mikkeli )
5923,50970,"Blocks of flats, two-room flat",2201.0,2201.0,2201.0,2201.0,2201.0,2201.0,5,0,5,Ihastjärvi   (Mikkeli )
5929,51200,"Blocks of flats, two-room flat",1009.0,1009.0,1009.0,1009.0,1009.0,1009.0,3,3,7,Kangasniemi Keskus   (Kangasniemi )
5941,51900,"Blocks of flats, two-room flat",927.0,927.0,927.0,927.0,927.0,927.0,3,3,7,Juva Keskus   (Juva )
6001,52700,"Blocks of flats, two-room flat",1087.0,1087.0,1087.0,1087.0,1087.0,1087.0,3,3,7,Mäntyharju Keskus   (Mäntyharju )
6019,53100,"Blocks of flats, two-room flat",2499.0,2473.0,2299.0,2237.0,2150.0,2290.0,5,6,6,Lappeenranta keskus   (Lappeenranta )
6031,53200,"Blocks of flats, two-room flat",1453.0,1453.0,1453.0,1453.0,1453.0,1453.0,1,1,0,Kaukas-Tirilä   (Lappeenranta )
6037,53300,"Blocks of flats, two-room flat",1142.0,1154.0,1166.0,1178.0,1016.0,1016.0,1,5,3,Lauritsala-Mälkiä   (Lappeenranta )
6067,53600,"Blocks of flats, two-room flat",2115.0,2044.0,2126.0,2208.0,2290.0,2372.0,5,0,5,Kesämäki   (Lappeenranta )
6073,53650,"Blocks of flats, two-room flat",935.0,935.0,935.0,935.0,935.0,935.0,3,3,7,Mattila-Kuusela   (Lappeenranta )
6079,53810,"Blocks of flats, two-room flat",1219.0,1212.0,1205.0,1282.5,1360.0,1101.0,1,5,3,Kuusimäki-Lavola   (Lappeenranta )
6091,53850,"Blocks of flats, two-room flat",1134.5,1132.25,1130.0,1130.0,1130.0,1130.0,1,5,3,Skinnarila   (Lappeenranta )
6097,53900,"Blocks of flats, two-room flat",2055.0,2333.0,2611.0,2285.0,2539.0,2195.0,5,6,6,Pallo-Tysterniemi-Leiri   (Lappeenranta )
6103,53920,"Blocks of flats, two-room flat",999.0,942.0,965.3333333333334,988.6666666666666,1012.0,1012.0,3,3,7,Voisalmi   (Lappeenranta )
6115,54100,"Blocks of flats, two-room flat",1147.0,1147.0,1147.0,1147.0,1147.0,1147.0,1,5,3,Joutseno Keskus   (Lappeenranta )
6229,55100,"Blocks of flats, two-room flat",1072.0,1057.0,1042.0,947.0,924.0,924.0,3,3,7,Imatra Keskus   (Imatra )
6235,55120,"Blocks of flats, two-room flat",929.0,929.0,929.0,929.0,929.0,929.0,3,3,7,Mansikkala-Tuulikallio   (Imatra )
6277,55610,"Blocks of flats, two-room flat",691.0,691.0,691.0,691.0,691.0,691.0,3,3,4,Rajapatsas-Teppanala   (Imatra )
6289,55800,"Blocks of flats, two-room flat",692.0,692.0,692.0,692.0,692.0,692.0,3,3,4,Vuoksenniska-Saarlampi   (Imatra )
6337,57100,"Blocks of flats, two-room flat",927.0,1317.0,1247.0,1253.5,1260.0,1477.0,1,5,3,Heikinpohja-Piispanmäki   (Savonlinna )
6349,57130,"Blocks of flats, two-room flat",1590.2,1576.4,1562.6,1548.8,1535.0,1535.0,1,1,0,Savonlinna Keskus   (Savonlinna )
6355,57170,"Blocks of flats, two-room flat",1210.0,1210.0,1210.0,1210.0,1210.0,1210.0,1,5,3,Sortteerinlahti-Talvisalo   (Savonlinna )
6361,57200,"Blocks of flats, two-room flat",955.0,955.0,955.0,955.0,955.0,955.0,3,3,7,Miekonniemi-Venäjänniemi   (Savonlinna )
6367,57210,"Blocks of flats, two-room flat",972.0,972.0,972.0,972.0,972.0,972.0,3,3,7,Nojanmaa   (Savonlinna )
6379,57230,"Blocks of flats, two-room flat",816.0,816.0,816.0,816.0,816.0,816.0,3,3,7,Inkerinkylä   (Savonlinna )
6397,57710,"Blocks of flats, two-room flat",930.0,930.0,930.0,930.0,930.0,930.0,3,3,7,Kellarpelto-Rantakoivikko   (Savonlinna )
6439,58500,"Blocks of flats, two-room flat",1019.0,1019.0,1019.0,1019.0,1019.0,1019.0,3,3,7,Punkasalmi   (Savonlinna )
6523,60100,"Blocks of flats, two-room flat",1876.0,1601.0,1962.0,1750.0,1875.0,2129.0,5,0,8,Seinäjoki Keskus   (Seinäjoki )
6529,60120,"Blocks of flats, two-room flat",2636.769230769231,2612.3846153846152,2588.0,2758.0,2928.0,2928.0,5,6,6,Pohja   (Seinäjoki )
6535,60150,"Blocks of flats, two-room flat",934.2857142857142,919.8285714285714,905.3714285714286,890.9142857142857,876.4571428571428,862.0,3,3,7,Kasperi   (Seinäjoki )
6541,60200,"Blocks of flats, two-room flat",2194.0,2194.0,2194.0,2194.0,2194.0,2194.0,5,0,5,Törnävä   (Seinäjoki )
6547,60220,"Blocks of flats, two-room flat",1803.0,1803.0,1803.0,1803.0,1803.0,1803.0,5,0,8,Huhtala   (Seinäjoki )
6715,62100,"Blocks of flats, two-room flat",1091.0,1091.0,1091.0,1091.0,1091.0,1091.0,3,3,7,Lapua Keskus   (Lapua )
7045,65100,"Blocks of flats, two-room flat",2470.0,2289.0,2347.0,2259.0,2400.0,2462.0,5,6,6,Vaasa Keskus   (Vaasa )
7057,65200,"Blocks of flats, two-room flat",1700.0,1789.0,1878.0,1742.0,1896.0,1777.0,5,0,8,Palosaari   (Vaasa )
7063,65230,"Blocks of flats, two-room flat",1234.0,1234.0,1234.0,1234.0,1234.0,1234.0,1,5,3,Vetokannas   (Vaasa )
7069,65280,"Blocks of flats, two-room flat",1120.0,1120.0,1120.0,1120.0,1120.0,1120.0,1,5,3,Gerby   (Vaasa )
7081,65320,"Blocks of flats, two-room flat",1363.0,1363.0,1363.0,1363.0,1363.0,1363.0,1,5,3,Huutoniemi   (Vaasa )
7087,65350,"Blocks of flats, two-room flat",1421.6666666666667,1555.0,1382.0,1209.0,1448.0,1448.0,1,5,3,Suvilahti   (Vaasa )
7093,65370,"Blocks of flats, two-room flat",970.0,970.0,970.0,970.0,970.0,970.0,3,3,7,Ristinummi   (Vaasa )
7099,65380,"Blocks of flats, two-room flat",1063.0,1063.0,1063.0,1063.0,1063.0,1063.0,3,3,7,Vanha Vaasa   (Vaasa )
7135,65610,"Blocks of flats, two-room flat",1837.0,1837.0,1837.0,1837.0,1837.0,1837.0,5,0,8,Mustasaari Keskus   (Mustasaari )
7339,66900,"Blocks of flats, two-room flat",,,,1187.0,1187.0,1187.0,1,5,3,Uusikaarlepyy Keskus   (Uusikaarlepyy )
7345,67100,"Blocks of flats, two-room flat",2138.0,1719.0,1740.0,1599.0,1591.0,2070.0,5,0,8,Kokkola Keskus   (Kokkola )
7351,67200,"Blocks of flats, two-room flat",1697.4,1609.8,1522.2,1434.6,1347.0,1583.0,1,1,0,Kiviniitty-Tullimäki   (Kokkola )
7381,67800,"Blocks of flats, two-room flat",1093.0,1093.0,1093.0,1093.0,1093.0,1093.0,3,3,7,Koivuhaka   (Kokkola )
7477,68600,"Blocks of flats, two-room flat",1443.0,1426.25,1409.5,1392.75,1376.0,1148.0,1,5,3,Pietarsaari Keskus   (Pietarsaari )
7483,68620,"Blocks of flats, two-room flat",1365.5,1328.6666666666667,1291.8333333333333,1255.0,1255.0,1255.0,1,5,3,Skutnäs-Västermalm   (Pietarsaari )
7495,68660,"Blocks of flats, two-room flat",744.0,744.0,744.0,744.0,744.0,744.0,3,3,4,Östermalm-Björnholmen   (Pietarsaari )
7639,70100,"Blocks of flats, two-room flat",2709.0,2862.0,2734.0,2561.0,2664.0,2506.0,5,6,6,Kuopio Keskus   (Kuopio )
7645,70110,"Blocks of flats, two-room flat",2951.0,3210.0,2720.0,3021.0,3026.0,3026.0,0,4,2,Etu-Niirala   (Kuopio )
7651,70150,"Blocks of flats, two-room flat",1631.0,1631.0,1631.0,1631.0,1631.0,1631.0,1,1,0,Neulamäki   (Kuopio )
7657,70200,"Blocks of flats, two-room flat",1224.0,1384.0,1506.0,1477.0,1709.0,1756.0,1,1,0,Puijonlaakso   (Kuopio )
7669,70280,"Blocks of flats, two-room flat",1052.0,1052.0,1052.0,1052.0,1052.0,1052.0,3,3,7,Länsi-Puijo   (Kuopio )
7681,70340,"Blocks of flats, two-room flat",1570.5,1630.75,1691.0,1623.0,1555.0,1537.0,1,1,0,Inkilänmäki   (Kuopio )
7693,70420,"Blocks of flats, two-room flat",1326.0,1326.0,1326.0,1326.0,1326.0,1326.0,1,5,3,Päiväranta   (Kuopio )
7699,70460,"Blocks of flats, two-room flat",1166.0,1166.0,1166.0,1166.0,1166.0,1166.0,1,5,3,Saarijärvi   (Kuopio )
7705,70500,"Blocks of flats, two-room flat",1712.0,1673.0,1346.0,1321.0,1500.0,1809.0,1,1,0,Männistö   (Kuopio )
7711,70600,"Blocks of flats, two-room flat",1919.6666666666667,1880.7777777777778,1841.888888888889,1803.0,1803.0,1803.0,5,0,8,Niirala-Huuhanmäki   (Kuopio )
7717,70620,"Blocks of flats, two-room flat",1787.388888888889,1798.111111111111,1808.8333333333333,1819.5555555555557,1830.2777777777778,1841.0,5,0,8,Haapaniemi   (Kuopio )
7723,70700,"Blocks of flats, two-room flat",1438.090909090909,1448.0,1572.0,1696.0,1696.0,1696.0,1,1,0,Särkiniemi   (Kuopio )
7741,70820,"Blocks of flats, two-room flat",1130.71875,1109.8125,1088.90625,1068.0,1271.0,1271.0,1,5,3,Litmanen   (Kuopio )
7747,70840,"Blocks of flats, two-room flat",2751.0,2977.5,3204.0,3126.3333333333335,3048.6666666666665,2971.0,0,4,2,Jynkänmäki   (Kuopio )
7765,70910,"Blocks of flats, two-room flat",1913.0,1913.0,1913.0,1913.0,1913.0,1913.0,5,0,8,Vuorela   (Siilinjärvi )
7849,71800,"Blocks of flats, two-room flat",1186.4,1249.8,1313.2,1376.6,1440.0,1440.0,1,5,3,Siilinjärvi Keskus   (Siilinjärvi )
8011,74100,"Blocks of flats, two-room flat",1093.0,1096.0,1402.0,1180.0,1138.0,1240.0,1,5,3,"Iisalmi Keskus, Eteläinen   (Iisalmi )"
8017,74120,"Blocks of flats, two-room flat",931.0,931.0,931.0,931.0,931.0,931.0,3,3,7,Iisalmi Keskus Pohjoinen   (Iisalmi )
8023,74130,"Blocks of flats, two-room flat",717.0,717.0,717.0,717.0,717.0,717.0,3,3,4,Kihmula   (Iisalmi )
8083,75500,"Blocks of flats, two-room flat",730.8235294117646,728.6176470588235,726.4117647058823,724.2058823529412,722.0,722.0,3,3,4,Nurmes Keskus   (Nurmes )
8107,76100,"Blocks of flats, two-room flat",557.0,528.0,499.0,470.0,400.0,479.0,3,3,4,Pieksämäki Keskus   (Pieksämäki )
8125,76150,"Blocks of flats, two-room flat",860.0,860.0,860.0,860.0,860.0,860.0,3,3,7,Länsirinne   (Pieksämäki )
8167,77600,"Blocks of flats, two-room flat",816.0,771.5,727.0,682.5,638.0,638.0,3,3,4,Suonenjoki Keskus   (Suonenjoki )
8185,78200,"Blocks of flats, two-room flat",665.3333333333334,706.0,572.0,587.0,755.0,755.0,3,3,4,Varkaus Keskus   (Leppävirta )
8197,78250,"Blocks of flats, two-room flat",610.0,610.0,610.0,610.0,610.0,610.0,3,3,4,Päiviönsaari   (Varkaus )
8203,78300,"Blocks of flats, two-room flat",362.0,362.0,362.0,362.0,362.0,362.0,3,3,4,Kommila   (Varkaus )
8251,79100,"Blocks of flats, two-room flat",868.0,868.0,868.0,868.0,868.0,868.0,3,3,7,Leppävirta Keskus   (Leppävirta )
8305,80100,"Blocks of flats, two-room flat",2107.0,2162.0,2217.0,2031.0,2102.0,2137.0,5,0,5,"Joensuu Keskus, Pohjoinen   (Joensuu )"
8311,80110,"Blocks of flats, two-room flat",2012.0,1998.0,2075.0,2119.0,2163.0,1955.0,5,0,5,Joensuu Keskus Eteläinen   (Joensuu )
8323,80140,"Blocks of flats, two-room flat",2000.0,2000.0,2000.0,2000.0,2000.0,2000.0,5,0,8,Noljakka   (Joensuu )
8329,80160,"Blocks of flats, two-room flat",1836.0,2041.5,2247.0,1885.5,1524.0,1524.0,5,0,8,Rantakylä-Latola   (Joensuu )
8335,80170,"Blocks of flats, two-room flat",1259.0,1259.0,1259.0,1259.0,1259.0,1259.0,1,5,3,Utra   (Joensuu )
8341,80200,"Blocks of flats, two-room flat",1875.0,1871.0,1867.0,2202.0,2284.0,2284.0,5,0,5,Niinivaara   (Joensuu )
8347,80220,"Blocks of flats, two-room flat",2812.0,2724.75,2637.5,2550.25,2463.0,2463.0,5,6,6,Penttilä   (Joensuu )
8491,81700,"Blocks of flats, two-room flat",651.0,662.3333333333334,673.6666666666666,685.0,528.0,528.0,3,3,4,Lieksa Keskus   (Lieksa )
8575,82500,"Blocks of flats, two-room flat",489.56666666666666,472.0,472.0,472.0,472.0,472.0,3,3,4,Kitee Keskus   (Kitee )
8617,82900,"Blocks of flats, two-room flat",922.0,922.0,922.0,922.0,922.0,922.0,3,3,7,Ilomantsi Keskus   (Ilomantsi )
8653,83500,"Blocks of flats, two-room flat",636.0,636.0,636.0,636.0,636.0,636.0,3,3,4,Outokumpu Keskus   (Outokumpu )
8707,84100,"Blocks of flats, two-room flat",1138.5,1113.875,1089.25,1064.625,1040.0,918.0,3,3,7,Ylivieska Keskus   (Ylivieska )
8851,86300,"Blocks of flats, two-room flat",808.0,808.0,808.0,808.0,808.0,808.0,3,3,4,Oulainen Keskus   (Oulainen )
8893,87100,"Blocks of flats, two-room flat",1397.0,1307.0,1350.0,1475.0,1482.0,1556.0,1,1,0,Kajaani Keskus   (Kajaani )
8899,87150,"Blocks of flats, two-room flat",960.0,960.0,960.0,960.0,960.0,960.0,3,3,7,Purola   (Kajaani )
8905,87200,"Blocks of flats, two-room flat",1640.0,1324.0,1324.0,1324.0,1324.0,1324.0,1,5,3,Teppana   (Kajaani )
8911,87250,"Blocks of flats, two-room flat",1201.0,1201.0,1201.0,1201.0,1201.0,1201.0,1,5,3,Kättö-Kätönlahti   (Kajaani )
8929,87500,"Blocks of flats, two-room flat",753.75,758.375,763.0,763.0,763.0,763.0,3,3,4,Lehtikangas   (Kajaani )
8989,88600,"Blocks of flats, two-room flat",1171.6,1081.8,992.0,1252.0,1704.0,1556.0,1,5,3,Sotkamo Keskus   (Sotkamo )
9007,88900,"Blocks of flats, two-room flat",894.0,894.0,894.0,894.0,894.0,894.0,3,3,7,Kuhmo Keskus   (Kuhmo )
9031,89600,"Blocks of flats, two-room flat",1101.0,1101.0,1101.0,1101.0,1101.0,1101.0,3,3,7,Ämmänsaari   (Suomussalmi )
9043,90100,"Blocks of flats, two-room flat",2762.0,2616.0,2563.0,2486.0,2567.0,2616.0,5,6,6,Oulu Keskus   (Oulu )
9049,90120,"Blocks of flats, two-room flat",2171.0,2395.0,2293.0,2005.0,2234.0,2417.0,5,6,6,Heinäpää   (Oulu )
9055,90130,"Blocks of flats, two-room flat",2128.0,2075.0,2363.0,2477.0,2351.0,2877.0,5,6,6,Raksila   (Oulu )
9061,90140,"Blocks of flats, two-room flat",2245.0,2206.5,2168.0,2508.0,2508.0,2508.0,5,6,6,Karjasilta   (Oulu )
9067,90150,"Blocks of flats, two-room flat",1428.0,1458.5,1489.0,1399.0,1443.0,1487.0,1,1,0,Höyhtyä   (Oulu )
9079,90230,"Blocks of flats, two-room flat",1743.0,1910.0,2077.0,2317.0,2317.0,2317.0,5,0,5,Värttö-Maikkula   (Oulu )
9085,90240,"Blocks of flats, two-room flat",,,,,,2307.0,5,0,5,Iinatti   (Oulu )
9091,90250,"Blocks of flats, two-room flat",1099.0,1168.0,1580.0,1518.0,1456.0,1518.0,1,1,0,Kaukovainio   (Oulu )
9103,90400,"Blocks of flats, two-room flat",,,3324.0,3410.0,3496.0,3582.0,0,4,2,Äimärautio   (Oulu )
9115,90420,"Blocks of flats, two-room flat",2065.0,2069.5,2074.0,2228.0,2166.0,2166.0,5,0,5,Metsokangas   (Oulu )
9121,90440,"Blocks of flats, two-room flat",2498.258064516129,2524.8064516129034,2551.354838709677,2577.9032258064517,2604.451612903226,2631.0,5,6,6,Kempele Keskus   (Kempele )
9145,90500,"Blocks of flats, two-room flat",2051.0,1736.0,1825.0,2353.0,1941.0,2197.0,5,0,5,Tuira   (Oulu )
9151,90510,"Blocks of flats, two-room flat",2261.0,2261.0,2261.0,2261.0,2261.0,2261.0,5,0,5,Hietasaari   (Oulu )
9157,90520,"Blocks of flats, two-room flat",2066.0,2311.0,2556.0,2413.0,2608.0,2647.0,5,6,6,Taskila-Toppila   (Oulu )
9163,90530,"Blocks of flats, two-room flat",2158.0,2009.0,2228.0,2013.0,2173.0,1981.0,5,0,5,Välivainio   (Oulu )
9169,90540,"Blocks of flats, two-room flat",,,,,2437.0,2606.0,5,6,6,Kuivasjärvi   (Oulu )
9175,90550,"Blocks of flats, two-room flat",1127.6666666666667,1122.3333333333333,1117.0,1156.3333333333333,1195.6666666666667,1235.0,1,5,3,Pyykösjärvi-Puolivälikangas   (Oulu )
9181,90560,"Blocks of flats, two-room flat",1135.0,1177.0,1219.0,1324.5,1430.0,1430.0,1,5,3,Koskela-Oulu   (Oulu )
9187,90570,"Blocks of flats, two-room flat",1570.0,1541.3333333333333,1512.6666666666667,1484.0,1689.0,1689.0,1,1,0,Kaijonharju-Linnanmaa   (Oulu )
9193,90580,"Blocks of flats, two-room flat",957.0,957.0,957.0,957.0,957.0,957.0,3,3,7,Rajakylä   (Oulu )
9211,90650,"Blocks of flats, two-room flat",1509.0,1509.0,1509.0,1509.0,1509.0,1509.0,1,1,0,Haapalehto   (Oulu )
9391,92100,"Blocks of flats, two-room flat",1409.6666666666667,1421.3333333333333,1433.0,1326.0,1219.0,969.0,1,5,3,Raahe Keskus   (Raahe )
9403,92130,"Blocks of flats, two-room flat",1094.0,1094.0,1094.0,1094.0,1094.0,1094.0,3,3,7,Isoholmi-Antinkangas   (Raahe )
9517,93600,"Blocks of flats, two-room flat",1293.5714285714287,1298.0,942.0,1048.5,1155.0,1391.0,1,5,3,Kuusamo   (Kuusamo )
9547,94100,"Blocks of flats, two-room flat",831.0,907.0,787.0,819.0,857.0,785.0,3,3,4,Kemi Keskus   (Kemi )
9595,94700,"Blocks of flats, two-room flat",446.8888888888889,442.91666666666663,438.94444444444446,434.97222222222223,431.0,431.0,3,3,4,Takajärvi-Haukkari   (Kemi )
9637,95400,"Blocks of flats, two-room flat",1892.0,1882.6666666666667,1873.3333333333333,1864.0,1864.0,1864.0,5,0,8,Tornio Keskus   (Tornio )
9721,96100,"Blocks of flats, two-room flat",2182.0,1948.0,2186.0,1980.0,2416.0,2475.0,5,0,5,Rovaniemi Keskus   (Rovaniemi )
9733,96200,"Blocks of flats, two-room flat",2103.0,2015.0,2121.0,2090.0,1854.0,1805.0,5,0,8,Sahanperä-Ratantaus   (Rovaniemi )
9739,96300,"Blocks of flats, two-room flat",1850.0,1798.0,2086.0,2082.0,2078.0,2074.0,5,0,5,Niemelänkangas-Korvanniemi   (Rovaniemi )
9751,96400,"Blocks of flats, two-room flat",,,,,2105.0,2105.0,5,0,5,Pullinranta-Kiiruna   (Rovaniemi )
9757,96440,"Blocks of flats, two-room flat",1066.0,1066.0,1066.0,1066.0,1066.0,1066.0,3,3,7,Ounasrinne   (Rovaniemi )
9769,96500,"Blocks of flats, two-room flat",710.0,710.0,710.0,710.0,710.0,710.0,3,3,4,Korkalovaara   (Rovaniemi )
9877,98100,"Blocks of flats, two-room flat",690.0,690.0,690.0,690.0,690.0,690.0,3,3,4,Kemijärvi Keskus   (Kemijärvi )
