postal code,rmse,mae
100,667.0624378565648,532.3218738515573
120,326.08288749506187,287.0714232596015
130,174.27574728175293,134.06900399521987
140,634.1111198469148,518.7728918200942
150,847.7754418547754,747.3813200009436
160,944.2104295333216,711.046764971059
170,433.31846463086606,411.3640427218868
180,580.7353731112338,519.9031652027818
190,56.916034735707406,48.068512557813165
200,277.94411015941944,242.50232754263925
210,506.74030703258546,485.17628547799063
220,56.916034735707406,48.068512557813165
240,326.706748049388,281.01335267079253
250,309.93032886978915,229.86956593776722
260,529.7212698374476,516.1181226059603
270,692.3501486838906,600.3176456537849
280,373.50075418775106,330.6870516394199
290,56.916034735707406,48.068512557813165
300,56.916034735707406,48.068512557813165
310,117.57398267200097,115.2851594293553
320,346.8461006631824,286.49200635228954
330,295.6085996593593,240.6873623571753
340,266.8051040113658,248.51995584780343
350,328.05427808302517,206.3156409804733
360,195.27923502132006,157.20016285443648
370,267.8411469187026,224.88659098988398
380,148.6403867812546,117.18222575015125
390,367.15975691495396,317.3286634154856
400,221.00136786159035,181.11474484358712
410,108.67670377703453,107.08591600188925
420,287.1094177569848,243.59056279506672
430,56.916034735707406,48.068512557813165
440,323.63535793378924,222.01296487800846
500,256.175327224029,251.61385110276774
510,637.9785747295973,611.4482206103853
520,478.63005141855507,395.1586719919219
530,399.1967277895957,331.3319100944989
540,56.916034735707406,48.068512557813165
550,250.08483750813235,189.60893272595308
560,556.4891346291778,361.5906739878976
570,620.9738069713259,506.0551835799465
580,56.916034735707406,48.068512557813165
590,191.60545995364015,130.2962960040702
600,48.3038387135699,43.29603458496035
610,134.25672034135232,83.9473745690018
620,93.61683991418174,84.46291022615742
630,319.779532274059,274.7143178267188
640,580.5746060578126,569.8002833024166
650,78.91257615961182,68.2851592359765
660,56.916034735707406,48.068512557813165
670,56.916034735707406,48.068512557813165
680,56.916034735707406,48.068512557813165
690,56.916034735707406,48.068512557813165
700,171.8103433003979,170.41062773187957
710,259.7990154729087,237.18846756938888
720,140.48144014572173,118.72932722983614
730,208.47875348881342,176.32793066386353
740,368.2047512198969,352.9983956782082
750,134.35699952515293,130.3864072859435
760,56.916034735707406,48.068512557813165
770,72.22414054295167,64.98020751957694
780,124.77864377055374,97.20082173843707
790,86.92066159932958,83.73154344573754
800,559.0678973660304,331.5361598813565
810,327.2155421778373,325.6203980023772
820,336.1448947867827,310.25208605670184
830,56.916034735707406,48.068512557813165
840,58.63555817728012,56.55021044166108
850,56.916034735707406,48.068512557813165
870,38.24129327073455,32.51633904192147
890,56.916034735707406,48.068512557813165
900,78.04847535398686,67.57315138493004
910,239.57454728662373,186.30267838268503
920,69.12969406816913,57.259866292457104
930,153.79720066078815,133.4704946833383
940,325.42675835891106,313.27875817356477
950,148.36969878586697,104.0549423715936
960,72.03367472560123,71.88668507124748
970,199.3109333078301,175.51490468123217
980,215.514153856527,175.96555436009987
990,252.9530087044017,191.181922757439
1120,56.916034735707406,48.068512557813165
1150,85.48372722772015,81.32009754907472
1200,152.51612168639554,134.13286227572553
1230,56.916034735707406,48.068512557813165
1260,56.916034735707406,48.068512557813165
1280,57.65354963964446,45.51850562208034
1300,158.99458083583502,115.69283758814731
1340,56.916034735707406,48.068512557813165
1350,66.57146331714111,62.4609332214344
1360,73.4855742843873,57.678180902411725
1370,143.58849557807105,110.08496033114682
1380,56.916034735707406,48.068512557813165
1390,56.916034735707406,48.068512557813165
1400,56.916034735707406,48.068512557813165
1420,56.916034735707406,48.068512557813165
1450,192.3122258848187,126.43275700993524
1480,202.56663889387406,194.33334759384684
1490,56.916034735707406,48.068512557813165
1510,142.3199926440164,109.9488661052751
1520,111.66416667893877,91.76946708083187
1530,56.916034735707406,48.068512557813165
1600,73.57990876166113,73.37824401391799
1610,446.7308026483966,431.94805510633626
1620,124.25612795460474,122.30659626097759
1630,56.916034735707406,48.068512557813165
1640,220.7793524141248,188.37124595611397
1650,103.71531056030047,85.59987219784477
1660,56.916034735707406,48.068512557813165
1670,56.916034735707406,48.068512557813165
1680,56.916034735707406,48.068512557813165
1690,56.916034735707406,48.068512557813165
1700,148.04987896750757,132.40557088739797
1710,155.35422829748265,138.4513181094154
1720,56.916034735707406,48.068512557813165
1730,53.02616784213618,44.55344416525088
1750,56.916034735707406,48.068512557813165
1760,56.916034735707406,48.068512557813165
1800,105.26084157565104,97.93449518896603
1820,56.916034735707406,48.068512557813165
1830,56.916034735707406,48.068512557813165
1840,56.916034735707406,48.068512557813165
1860,56.916034735707406,48.068512557813165
1900,164.69094516653257,101.55706691608361
1940,56.916034735707406,48.068512557813165
2100,564.108528809147,488.2146998694416
2110,355.8768828009067,348.74406107952996
2120,360.90141109349895,281.79050120246075
2130,255.66606379221994,231.81661271256644
2140,56.916034735707406,48.068512557813165
2150,56.916034735707406,48.068512557813165
2160,88.93546856084171,78.9833756774151
2170,515.5558177824498,475.89212593903653
2180,56.916034735707406,48.068512557813165
2200,302.90748061148565,250.6000695406026
2210,101.40405905043224,81.79933470265155
2230,280.51635203806404,254.81745185431987
2240,56.916034735707406,48.068512557813165
2250,56.916034735707406,48.068512557813165
2260,88.74133569828895,75.04195428274943
2270,56.916034735707406,48.068512557813165
2280,56.916034735707406,48.068512557813165
2300,56.916034735707406,48.068512557813165
2320,148.74178848413257,127.36553952353927
2330,157.7028136933853,144.31025542149087
2340,56.916034735707406,48.068512557813165
2360,175.7423377688568,143.26747216519914
2380,56.916034735707406,48.068512557813165
2390,56.916034735707406,48.068512557813165
2400,395.5789696266408,286.2961640000433
2410,78.2430744867844,66.34524556088382
2420,56.916034735707406,48.068512557813165
2430,55.33037433117091,44.510798620128014
2440,56.916034735707406,48.068512557813165
2450,56.916034735707406,48.068512557813165
2460,56.916034735707406,48.068512557813165
2480,56.916034735707406,48.068512557813165
2490,56.916034735707406,48.068512557813165
2510,56.916034735707406,48.068512557813165
2520,56.916034735707406,48.068512557813165
2540,56.916034735707406,48.068512557813165
2550,56.916034735707406,48.068512557813165
2570,56.916034735707406,48.068512557813165
2580,56.916034735707406,48.068512557813165
2600,259.0847381556138,231.50469089040575
2610,130.65819496077825,96.68740126512455
2620,308.60925738405007,233.16158788922974
2630,56.916034735707406,48.068512557813165
2650,233.85045549033978,195.78496854150637
2660,56.916034735707406,48.068512557813165
2680,56.916034735707406,48.068512557813165
2700,148.6360045781516,106.80990711072343
2710,619.4064384288048,593.5054046613151
2720,141.56774839122946,113.16264565912616
2730,56.916034735707406,48.068512557813165
2740,56.916034735707406,48.068512557813165
2750,164.55225992760515,145.48521149710336
2760,244.53385201317985,182.43857887763545
2770,123.81689154614524,101.45640846124252
2780,214.8763917645971,195.52808729354456
2810,56.916034735707406,48.068512557813165
2820,56.916034735707406,48.068512557813165
2860,56.916034735707406,48.068512557813165
2880,56.916034735707406,48.068512557813165
2920,56.916034735707406,48.068512557813165
2940,128.45325874859873,88.77727336284124
2970,56.916034735707406,48.068512557813165
2980,56.916034735707406,48.068512557813165
3100,281.6238464137559,212.71276527787825
3150,56.916034735707406,48.068512557813165
3250,56.916034735707406,48.068512557813165
3300,56.916034735707406,48.068512557813165
3320,56.916034735707406,48.068512557813165
3400,56.916034735707406,48.068512557813165
3600,106.36229142777259,94.2838564154232
3620,56.916034735707406,48.068512557813165
3810,56.916034735707406,48.068512557813165
3850,56.916034735707406,48.068512557813165
4130,506.0035545101054,353.1376174301129
4200,360.6920479154958,275.1720372162745
4220,81.99756887080225,66.05627970668513
4230,89.557403352035,73.1789941655909
4240,56.916034735707406,48.068512557813165
4250,109.05083770295923,92.90134985863835
4260,127.2427563783647,89.58101863931182
4300,309.76351430557406,278.31746718242414
4310,56.916034735707406,48.068512557813165
4320,136.7856045708553,112.6195854350022
4330,56.916034735707406,48.068512557813165
4340,56.916034735707406,48.068512557813165
4350,56.916034735707406,48.068512557813165
4360,56.916034735707406,48.068512557813165
4390,56.916034735707406,48.068512557813165
4400,221.74824176787627,196.54582832751862
4410,444.73332710129307,339.8973092299272
4420,56.916034735707406,48.068512557813165
4430,105.41438581208317,91.33263656895019
4440,56.916034735707406,48.068512557813165
4460,56.916034735707406,48.068512557813165
4480,56.916034735707406,48.068512557813165
4500,56.916034735707406,48.068512557813165
4600,73.49001253801464,67.69661717639656
4620,56.916034735707406,48.068512557813165
4660,56.916034735707406,48.068512557813165
4680,56.916034735707406,48.068512557813165
4840,56.916034735707406,48.068512557813165
4920,56.916034735707406,48.068512557813165
5100,56.916034735707406,48.068512557813165
5200,56.916034735707406,48.068512557813165
5400,58.12117663457183,47.34356217534696
5430,56.916034735707406,48.068512557813165
5440,56.916034735707406,48.068512557813165
5450,56.916034735707406,48.068512557813165
5460,56.916034735707406,48.068512557813165
5510,56.916034735707406,48.068512557813165
5620,56.916034735707406,48.068512557813165
5720,56.916034735707406,48.068512557813165
5800,282.5860777839655,273.65513919257967
5810,56.916034735707406,48.068512557813165
5820,53.15837195000277,45.31914098827093
5830,123.6876681793697,122.07886218614044
5840,56.916034735707406,48.068512557813165
5860,56.916034735707406,48.068512557813165
5880,245.64808540831203,222.5567303447719
5900,191.3062811082647,190.34838574199352
6100,151.24191882428366,149.92477625931576
6150,103.34146756633807,85.00146883145328
6200,56.916034735707406,48.068512557813165
6400,56.916034735707406,48.068512557813165
6450,83.4452618445166,78.99562546118773
6500,56.916034735707406,48.068512557813165
6530,56.916034735707406,48.068512557813165
6650,56.916034735707406,48.068512557813165
6750,56.916034735707406,48.068512557813165
6830,56.916034735707406,48.068512557813165
6880,56.916034735707406,48.068512557813165
6950,56.916034735707406,48.068512557813165
7110,56.916034735707406,48.068512557813165
7150,56.916034735707406,48.068512557813165
7170,56.916034735707406,48.068512557813165
7190,56.916034735707406,48.068512557813165
7230,56.916034735707406,48.068512557813165
7280,56.916034735707406,48.068512557813165
7500,56.916034735707406,48.068512557813165
7510,56.916034735707406,48.068512557813165
7550,56.916034735707406,48.068512557813165
7560,56.916034735707406,48.068512557813165
7590,56.916034735707406,48.068512557813165
7600,56.916034735707406,48.068512557813165
7700,56.916034735707406,48.068512557813165
7750,56.916034735707406,48.068512557813165
7800,56.916034735707406,48.068512557813165
7820,56.916034735707406,48.068512557813165
7830,56.916034735707406,48.068512557813165
7870,56.916034735707406,48.068512557813165
7880,56.916034735707406,48.068512557813165
7890,56.916034735707406,48.068512557813165
7900,203.06855318216694,162.60394235511512
7910,56.916034735707406,48.068512557813165
7920,56.916034735707406,48.068512557813165
7930,56.916034735707406,48.068512557813165
7940,56.916034735707406,48.068512557813165
7955,56.916034735707406,48.068512557813165
7970,56.916034735707406,48.068512557813165
7990,56.916034735707406,48.068512557813165
8100,214.68441753810504,178.61283170110238
8150,56.916034735707406,48.068512557813165
8200,179.93607325376976,153.30510134738668
8350,56.916034735707406,48.068512557813165
8450,56.916034735707406,48.068512557813165
8500,56.916034735707406,48.068512557813165
8680,56.916034735707406,48.068512557813165
8700,271.15022203073886,210.8797353439218
8800,59.75940254976523,51.344348070369904
9120,56.916034735707406,48.068512557813165
9220,56.916034735707406,48.068512557813165
9430,56.916034735707406,48.068512557813165
9630,56.916034735707406,48.068512557813165
9810,56.916034735707406,48.068512557813165
10140,56.916034735707406,48.068512557813165
10210,56.916034735707406,48.068512557813165
10300,148.28354678257975,134.1428432035944
10320,56.916034735707406,48.068512557813165
10330,56.916034735707406,48.068512557813165
10360,56.916034735707406,48.068512557813165
10410,56.916034735707406,48.068512557813165
10420,56.916034735707406,48.068512557813165
10440,56.916034735707406,48.068512557813165
10470,56.916034735707406,48.068512557813165
10520,56.916034735707406,48.068512557813165
10570,56.916034735707406,48.068512557813165
10600,314.7069597954614,311.4264854444229
10620,56.916034735707406,48.068512557813165
10640,56.916034735707406,48.068512557813165
10650,56.477261623565546,47.404307757293054
10660,56.916034735707406,48.068512557813165
10680,56.916034735707406,48.068512557813165
10710,56.916034735707406,48.068512557813165
10820,56.916034735707406,48.068512557813165
10900,440.58308628904086,358.06836994491454
10940,56.916034735707406,48.068512557813165
10960,56.916034735707406,48.068512557813165
11100,115.85107816811993,109.08743342079384
11120,61.15323220911452,52.91720191949116
11130,143.89165060430665,136.91072359051964
11310,56.916034735707406,48.068512557813165
11710,56.916034735707406,48.068512557813165
11910,56.916034735707406,48.068512557813165
12100,56.916034735707406,48.068512557813165
12130,56.916034735707406,48.068512557813165
12240,56.916034735707406,48.068512557813165
12310,56.916034735707406,48.068512557813165
12380,56.916034735707406,48.068512557813165
12400,54.887612456925396,44.73048022864782
12520,56.916034735707406,48.068512557813165
12540,56.916034735707406,48.068512557813165
12600,56.916034735707406,48.068512557813165
12700,56.916034735707406,48.068512557813165
13100,289.3400659317409,255.79041784197148
13110,56.916034735707406,48.068512557813165
13130,172.6144088336889,165.9457640410617
13200,70.20454919234503,66.34895369355627
13210,218.565108597289,198.81411049812306
13220,56.916034735707406,48.068512557813165
13250,56.916034735707406,48.068512557813165
13270,56.916034735707406,48.068512557813165
13300,56.916034735707406,48.068512557813165
13330,56.916034735707406,48.068512557813165
13430,56.916034735707406,48.068512557813165
13500,259.327171265356,236.6176840467014
13600,47.70704708101762,46.604425865149494
13700,56.916034735707406,48.068512557813165
13720,56.916034735707406,48.068512557813165
13800,56.916034735707406,48.068512557813165
13880,56.916034735707406,48.068512557813165
13900,56.916034735707406,48.068512557813165
14200,77.40909550917566,75.94030577231649
14300,56.916034735707406,48.068512557813165
14500,56.916034735707406,48.068512557813165
14610,56.916034735707406,48.068512557813165
14680,56.916034735707406,48.068512557813165
14700,56.916034735707406,48.068512557813165
14770,56.916034735707406,48.068512557813165
14820,56.916034735707406,48.068512557813165
14870,56.916034735707406,48.068512557813165
14960,56.916034735707406,48.068512557813165
15100,192.96399306378103,152.66561020526683
15110,294.0788651883596,251.8206851127121
15140,169.55534559262802,157.77580227176202
15150,161.84370751523977,113.53494899091027
15160,56.916034735707406,48.068512557813165
15170,135.85454328621873,98.2081776847273
15200,79.42697866576513,72.34519013897079
15210,150.37980109432937,130.7080566436665
15230,56.916034735707406,48.068512557813165
15240,117.55944393702184,113.14884468322936
15270,56.916034735707406,48.068512557813165
15300,56.916034735707406,48.068512557813165
15320,56.916034735707406,48.068512557813165
15340,56.916034735707406,48.068512557813165
15500,20.799247016633192,19.913270413595882
15520,29.060249934230352,19.92401099441554
15540,56.916034735707406,48.068512557813165
15550,56.15788187453388,47.04179460206012
15560,56.916034735707406,48.068512557813165
15610,56.916034735707406,48.068512557813165
15680,56.916034735707406,48.068512557813165
15700,272.484355419608,235.52258397710813
15800,38.38093383086187,26.254114667894953
15810,56.916034735707406,48.068512557813165
15830,72.0392457824672,62.223506275336604
15840,56.916034735707406,48.068512557813165
15850,56.916034735707406,48.068512557813165
15860,23.59115607619537,15.691257712416927
15870,68.8930682425997,57.56230326498081
15880,168.60181910664616,148.40890655643
15900,56.916034735707406,48.068512557813165
15950,136.6061232346214,102.71093428895665
15980,56.916034735707406,48.068512557813165
16100,56.916034735707406,48.068512557813165
16200,56.916034735707406,48.068512557813165
16260,56.916034735707406,48.068512557813165
16300,27.847776741997958,22.57812035428492
16320,56.916034735707406,48.068512557813165
16500,56.916034735707406,48.068512557813165
16600,56.916034735707406,48.068512557813165
16610,56.916034735707406,48.068512557813165
16670,56.916034735707406,48.068512557813165
16710,56.916034735707406,48.068512557813165
16800,56.916034735707406,48.068512557813165
16900,56.916034735707406,48.068512557813165
17110,56.916034735707406,48.068512557813165
17130,56.916034735707406,48.068512557813165
17200,76.64420925613715,68.16745194531575
17240,56.916034735707406,48.068512557813165
17500,56.916034735707406,48.068512557813165
17800,56.916034735707406,48.068512557813165
18100,236.58201100463825,181.25384779456493
18120,56.916034735707406,48.068512557813165
18130,149.7605202112562,146.14991192937103
18150,56.916034735707406,48.068512557813165
18200,56.916034735707406,48.068512557813165
18300,56.916034735707406,48.068512557813165
18600,56.916034735707406,48.068512557813165
19110,56.916034735707406,48.068512557813165
19120,56.916034735707406,48.068512557813165
19160,56.916034735707406,48.068512557813165
19210,56.916034735707406,48.068512557813165
19260,56.916034735707406,48.068512557813165
19410,56.916034735707406,48.068512557813165
19420,56.916034735707406,48.068512557813165
19430,56.916034735707406,48.068512557813165
19470,56.916034735707406,48.068512557813165
19540,56.916034735707406,48.068512557813165
19600,56.916034735707406,48.068512557813165
19650,56.916034735707406,48.068512557813165
19670,56.916034735707406,48.068512557813165
19700,56.916034735707406,48.068512557813165
19910,56.916034735707406,48.068512557813165
19950,56.916034735707406,48.068512557813165
20100,127.47215748495935,121.0768402957384
20200,161.54933332143722,114.00485171646915
20210,119.6900208427716,117.43284723991894
20240,38.535458535572516,35.73196490986618
20250,56.916034735707406,48.068512557813165
20300,474.46759400865943,431.9287632268905
20320,121.75259886018961,105.01014290817449
20360,92.3527385546011,85.31378070367816
20380,56.916034735707406,48.068512557813165
20400,56.916034735707406,48.068512557813165
20460,77.94207290184313,77.5686885289665
20500,296.2397683188077,206.21099721500127
20520,122.65428157942033,90.95613579548967
20540,96.8440371712061,76.3455011722051
20610,99.95077045560159,93.2852370374589
20660,52.89673098772322,43.427273316014066
20700,253.93137949865377,186.05265184722623
20720,207.550196749636,178.08991889916376
20730,56.916034735707406,48.068512557813165
20740,175.94130855761313,151.65792375903482
20750,48.21485310030386,34.63636909592998
20760,171.11755970805754,115.547156194955
20780,131.59827799765867,91.99846185879079
20810,250.37125348135004,237.01753894328135
20880,169.61413542430284,150.02985199219108
20900,56.916034735707406,48.068512557813165
20960,56.916034735707406,48.068512557813165
21100,334.55254665848594,238.5689138916007
21110,53.74548593238921,47.858804940870584
21120,56.916034735707406,48.068512557813165
21130,56.916034735707406,48.068512557813165
21140,56.916034735707406,48.068512557813165
21150,56.916034735707406,48.068512557813165
21160,56.916034735707406,48.068512557813165
21195,56.916034735707406,48.068512557813165
21200,290.1434233734785,280.4761463377914
21210,56.916034735707406,48.068512557813165
21220,56.916034735707406,48.068512557813165
21230,56.916034735707406,48.068512557813165
21240,56.916034735707406,48.068512557813165
21250,56.916034735707406,48.068512557813165
21260,56.916034735707406,48.068512557813165
21270,56.916034735707406,48.068512557813165
21280,56.916034735707406,48.068512557813165
21290,56.916034735707406,48.068512557813165
21310,56.916034735707406,48.068512557813165
21330,56.916034735707406,48.068512557813165
21350,56.916034735707406,48.068512557813165
21360,56.916034735707406,48.068512557813165
21370,56.916034735707406,48.068512557813165
21380,56.916034735707406,48.068512557813165
21410,56.916034735707406,48.068512557813165
21420,125.81358404519106,119.22499270040703
21430,56.916034735707406,48.068512557813165
21450,56.916034735707406,48.068512557813165
21490,56.916034735707406,48.068512557813165
21500,49.12584944105351,39.408897989869274
21530,69.72383754605734,62.33518400888721
21540,56.916034735707406,48.068512557813165
21560,56.916034735707406,48.068512557813165
21570,56.916034735707406,48.068512557813165
21590,56.916034735707406,48.068512557813165
21600,216.26788182314664,181.04596194184927
21610,56.916034735707406,48.068512557813165
21620,56.916034735707406,48.068512557813165
21630,56.916034735707406,48.068512557813165
21650,56.916034735707406,48.068512557813165
21660,56.916034735707406,48.068512557813165
21710,56.916034735707406,48.068512557813165
21740,56.916034735707406,48.068512557813165
21750,56.916034735707406,48.068512557813165
21760,56.916034735707406,48.068512557813165
21770,56.916034735707406,48.068512557813165
21800,56.916034735707406,48.068512557813165
21820,56.916034735707406,48.068512557813165
21860,56.916034735707406,48.068512557813165
21870,56.916034735707406,48.068512557813165
21880,56.916034735707406,48.068512557813165
21900,56.916034735707406,48.068512557813165
21930,56.916034735707406,48.068512557813165
23100,56.916034735707406,48.068512557813165
23120,56.916034735707406,48.068512557813165
23140,56.916034735707406,48.068512557813165
23200,56.916034735707406,48.068512557813165
23260,56.916034735707406,48.068512557813165
23310,56.916034735707406,48.068512557813165
23360,56.916034735707406,48.068512557813165
23450,56.916034735707406,48.068512557813165
23500,191.09717401414764,189.28613061583002
23600,56.916034735707406,48.068512557813165
23800,315.0543041967774,309.5481131417101
23930,56.916034735707406,48.068512557813165
23950,56.916034735707406,48.068512557813165
24100,312.70650215531805,290.4714415674045
24130,56.916034735707406,48.068512557813165
24240,82.96672073036196,65.00742772455902
24260,56.916034735707406,48.068512557813165
24280,56.916034735707406,48.068512557813165
24800,62.27356076755426,54.37802644342668
24910,56.916034735707406,48.068512557813165
25110,56.916034735707406,48.068512557813165
25130,56.916034735707406,48.068512557813165
25160,56.916034735707406,48.068512557813165
25190,56.916034735707406,48.068512557813165
25210,56.916034735707406,48.068512557813165
25230,56.916034735707406,48.068512557813165
25240,56.916034735707406,48.068512557813165
25250,56.916034735707406,48.068512557813165
25260,56.916034735707406,48.068512557813165
25320,56.916034735707406,48.068512557813165
25330,56.916034735707406,48.068512557813165
25340,56.916034735707406,48.068512557813165
25360,56.916034735707406,48.068512557813165
25370,56.916034735707406,48.068512557813165
25380,56.916034735707406,48.068512557813165
25390,56.916034735707406,48.068512557813165
25410,56.916034735707406,48.068512557813165
25460,56.916034735707406,48.068512557813165
25470,56.916034735707406,48.068512557813165
25500,56.916034735707406,48.068512557813165
25520,56.916034735707406,48.068512557813165
25550,56.916034735707406,48.068512557813165
25570,56.916034735707406,48.068512557813165
25630,56.916034735707406,48.068512557813165
25640,56.916034735707406,48.068512557813165
25650,56.916034735707406,48.068512557813165
25660,56.916034735707406,48.068512557813165
25700,56.916034735707406,48.068512557813165
25760,56.916034735707406,48.068512557813165
25830,56.916034735707406,48.068512557813165
25860,56.916034735707406,48.068512557813165
25870,56.916034735707406,48.068512557813165
25900,56.916034735707406,48.068512557813165
25960,56.916034735707406,48.068512557813165
26100,226.18306244940393,218.63201391134817
26200,109.33759228730234,94.30599303572524
26410,56.916034735707406,48.068512557813165
26510,56.916034735707406,48.068512557813165
26660,68.00743345797706,60.86625695065297
26720,56.916034735707406,48.068512557813165
26820,56.916034735707406,48.068512557813165
26840,56.916034735707406,48.068512557813165
27100,56.916034735707406,48.068512557813165
27150,56.916034735707406,48.068512557813165
27230,56.916034735707406,48.068512557813165
27310,56.916034735707406,48.068512557813165
27320,56.916034735707406,48.068512557813165
27400,56.916034735707406,48.068512557813165
27430,56.916034735707406,48.068512557813165
27450,56.916034735707406,48.068512557813165
27500,56.916034735707406,48.068512557813165
27510,56.916034735707406,48.068512557813165
27600,56.916034735707406,48.068512557813165
27640,56.916034735707406,48.068512557813165
27650,56.916034735707406,48.068512557813165
27670,56.916034735707406,48.068512557813165
27710,56.916034735707406,48.068512557813165
27730,56.916034735707406,48.068512557813165
27750,56.916034735707406,48.068512557813165
27800,56.916034735707406,48.068512557813165
27820,56.916034735707406,48.068512557813165
27840,56.916034735707406,48.068512557813165
27860,56.916034735707406,48.068512557813165
27910,56.916034735707406,48.068512557813165
27920,56.916034735707406,48.068512557813165
28100,67.26693337180419,55.3415394729127
28120,100.10973191884874,91.84692286077984
28130,257.1195428958208,228.14021926296658
28190,85.80232566400676,82.67308705965513
28200,56.916034735707406,48.068512557813165
28220,56.916034735707406,48.068512557813165
28240,56.916034735707406,48.068512557813165
28260,56.916034735707406,48.068512557813165
28300,56.916034735707406,48.068512557813165
28330,96.06532865477519,71.68609089423794
28360,108.05714679547015,89.11132358844773
28370,252.89624740234956,240.78710483876824
28400,145.08432893606602,112.88272510336867
28430,56.916034735707406,48.068512557813165
28450,128.95586363514272,112.9247809947426
28500,56.916034735707406,48.068512557813165
28540,56.916034735707406,48.068512557813165
28600,56.916034735707406,48.068512557813165
28610,56.916034735707406,48.068512557813165
28660,56.916034735707406,48.068512557813165
28760,56.916034735707406,48.068512557813165
28800,56.916034735707406,48.068512557813165
28840,56.916034735707406,48.068512557813165
28880,56.916034735707406,48.068512557813165
28900,56.916034735707406,48.068512557813165
29100,56.916034735707406,48.068512557813165
29200,65.5496454063821,62.045629384593354
29250,56.916034735707406,48.068512557813165
29310,56.916034735707406,48.068512557813165
29340,56.916034735707406,48.068512557813165
29600,56.916034735707406,48.068512557813165
29630,56.916034735707406,48.068512557813165
29640,56.916034735707406,48.068512557813165
29680,56.916034735707406,48.068512557813165
29700,56.916034735707406,48.068512557813165
29810,56.916034735707406,48.068512557813165
29880,56.916034735707406,48.068512557813165
29900,56.916034735707406,48.068512557813165
30100,22.704499523656608,19.494966603962894
30300,51.685728695355074,49.9386746244727
30420,71.68531594685444,50.464340466025874
31130,56.916034735707406,48.068512557813165
31160,56.916034735707406,48.068512557813165
31300,56.916034735707406,48.068512557813165
31380,56.916034735707406,48.068512557813165
31400,56.916034735707406,48.068512557813165
31470,56.916034735707406,48.068512557813165
31500,56.916034735707406,48.068512557813165
31600,56.916034735707406,48.068512557813165
31610,56.916034735707406,48.068512557813165
31620,56.916034735707406,48.068512557813165
31630,56.916034735707406,48.068512557813165
31640,56.916034735707406,48.068512557813165
31700,56.916034735707406,48.068512557813165
31720,56.916034735707406,48.068512557813165
31760,56.916034735707406,48.068512557813165
31900,56.916034735707406,48.068512557813165
32100,56.916034735707406,48.068512557813165
32200,91.17802477564436,88.07342937809443
32210,56.916034735707406,48.068512557813165
32250,56.916034735707406,48.068512557813165
32270,56.916034735707406,48.068512557813165
32300,56.916034735707406,48.068512557813165
32410,56.916034735707406,48.068512557813165
32440,56.916034735707406,48.068512557813165
32500,56.916034735707406,48.068512557813165
32560,56.916034735707406,48.068512557813165
32610,56.916034735707406,48.068512557813165
32620,56.916034735707406,48.068512557813165
32700,47.16243397645637,34.725365676324884
32730,56.916034735707406,48.068512557813165
32740,56.916034735707406,48.068512557813165
32800,56.916034735707406,48.068512557813165
32810,56.916034735707406,48.068512557813165
32910,56.916034735707406,48.068512557813165
32920,56.916034735707406,48.068512557813165
33100,213.8470827231218,204.6556957546884
33180,72.8277888206783,59.74393446632723
33200,207.82741463256548,179.29967969556492
33210,303.2324126156069,219.22989625363084
33230,164.96332796844402,143.90318834850655
33240,115.90908959319142,109.24704677623004
33250,56.916034735707406,48.068512557813165
33270,175.8318090412448,131.69316775602545
33300,174.62266146647988,171.24768827949504
33310,82.32569893694618,70.04686314941125
33330,55.0099188323728,52.65760031998752
33340,81.94132701640325,71.01444344434236
33400,323.87007211641287,239.74487863670367
33410,231.85256756057342,204.47491558212255
33420,56.916034735707406,48.068512557813165
33430,56.916034735707406,48.068512557813165
33450,56.916034735707406,48.068512557813165
33470,122.77395368673581,104.79378866613172
33480,56.916034735707406,48.068512557813165
33500,135.58884070957848,124.96818736748105
33520,56.916034735707406,48.068512557813165
33530,117.3550603101557,78.19456999783597
33540,261.2516648576798,239.7042271912684
33560,214.26633031945875,186.8276393679247
33580,226.6040404418291,194.39024652834416
33610,56.916034735707406,48.068512557813165
33680,56.916034735707406,48.068512557813165
33700,56.916034735707406,48.068512557813165
33710,108.38025643014792,99.08643185723685
33720,166.677038652741,156.05894267144214
33730,56.916034735707406,48.068512557813165
33800,108.87684098446906,93.84628401514408
33820,93.36378785137325,87.34418766265497
33840,70.6810641773251,63.77081772217804
33850,33.00259973139563,24.76850671766897
33870,72.67323601159211,63.261601722527985
33880,56.916034735707406,48.068512557813165
33900,454.6470296810075,421.8675819131505
33920,56.916034735707406,48.068512557813165
33950,127.79695862745693,123.89403056507899
33960,439.19624004723886,348.63587186023165
33980,56.916034735707406,48.068512557813165
34110,56.916034735707406,48.068512557813165
34130,56.916034735707406,48.068512557813165
34240,56.916034735707406,48.068512557813165
34260,56.916034735707406,48.068512557813165
34300,56.916034735707406,48.068512557813165
34450,56.916034735707406,48.068512557813165
34600,56.916034735707406,48.068512557813165
34800,56.916034735707406,48.068512557813165
34870,56.916034735707406,48.068512557813165
34980,56.916034735707406,48.068512557813165
35100,56.916034735707406,48.068512557813165
35220,56.916034735707406,48.068512557813165
35300,262.82939534947326,254.71056502843214
35320,56.916034735707406,48.068512557813165
35400,56.916034735707406,48.068512557813165
35420,56.916034735707406,48.068512557813165
35500,56.916034735707406,48.068512557813165
35530,56.916034735707406,48.068512557813165
35540,56.916034735707406,48.068512557813165
35600,56.916034735707406,48.068512557813165
35630,56.916034735707406,48.068512557813165
35700,56.916034735707406,48.068512557813165
35800,24.812162337451912,21.541471686901758
35820,56.916034735707406,48.068512557813165
35990,56.916034735707406,48.068512557813165
36100,56.916034735707406,48.068512557813165
36110,56.916034735707406,48.068512557813165
36200,410.438225277815,302.11890309610243
36220,115.50113992049131,101.14393165543294
36240,72.16531334536575,59.969509084995764
36270,56.916034735707406,48.068512557813165
36280,56.916034735707406,48.068512557813165
36420,56.916034735707406,48.068512557813165
36430,56.916034735707406,48.068512557813165
36450,56.916034735707406,48.068512557813165
36600,56.916034735707406,48.068512557813165
36720,56.916034735707406,48.068512557813165
36760,56.916034735707406,48.068512557813165
36810,56.916034735707406,48.068512557813165
36840,56.916034735707406,48.068512557813165
36910,56.916034735707406,48.068512557813165
36930,56.916034735707406,48.068512557813165
37100,260.607776202303,250.65503034860552
37120,321.3206448606696,319.18909578862247
37130,56.916034735707406,48.068512557813165
37140,56.916034735707406,48.068512557813165
37150,110.92665023409774,96.7455241707562
37200,119.10183773041442,105.39215189689583
37240,56.916034735707406,48.068512557813165
37370,56.916034735707406,48.068512557813165
37380,56.916034735707406,48.068512557813165
37420,56.916034735707406,48.068512557813165
37470,56.916034735707406,48.068512557813165
37500,76.3775609381932,66.18008768525641
37550,56.916034735707406,48.068512557813165
37560,56.916034735707406,48.068512557813165
37570,56.916034735707406,48.068512557813165
37600,196.0851088211147,168.77257007352273
37630,155.0110686730853,114.49275172548721
37700,56.916034735707406,48.068512557813165
37800,149.2763637632846,125.27121449665833
37830,56.916034735707406,48.068512557813165
37860,56.916034735707406,48.068512557813165
37900,56.916034735707406,48.068512557813165
37910,56.916034735707406,48.068512557813165
37960,56.916034735707406,48.068512557813165
38100,56.916034735707406,48.068512557813165
38200,328.38792895012887,309.2407973518735
38210,56.916034735707406,48.068512557813165
38250,56.916034735707406,48.068512557813165
38270,56.916034735707406,48.068512557813165
38300,56.916034735707406,48.068512557813165
38360,56.916034735707406,48.068512557813165
38420,56.916034735707406,48.068512557813165
38460,56.916034735707406,48.068512557813165
38510,56.916034735707406,48.068512557813165
38600,56.916034735707406,48.068512557813165
38700,56.916034735707406,48.068512557813165
38710,241.07229394146447,214.4993907431973
38800,56.916034735707406,48.068512557813165
38840,56.916034735707406,48.068512557813165
38950,56.916034735707406,48.068512557813165
39100,56.916034735707406,48.068512557813165
39130,56.916034735707406,48.068512557813165
39150,56.916034735707406,48.068512557813165
39160,56.916034735707406,48.068512557813165
39200,56.916034735707406,48.068512557813165
39310,56.916034735707406,48.068512557813165
39340,56.916034735707406,48.068512557813165
39500,30.108709536832354,26.784588498731864
39580,56.916034735707406,48.068512557813165
39700,56.916034735707406,48.068512557813165
39820,56.916034735707406,48.068512557813165
39930,56.916034735707406,48.068512557813165
40100,138.44834105620868,112.23000987115825
40200,399.6747041793887,313.40416909887904
40250,57.31008309516997,46.52188246426772
40270,58.57957514009927,47.44781518837465
40320,86.81548558116945,68.17813337681127
40340,156.48392840515206,126.10146908115601
40400,56.916034735707406,48.068512557813165
40420,40.69501812608342,33.886173976637224
40500,56.916034735707406,48.068512557813165
40520,246.7646712890217,222.08722877400749
40530,56.916034735707406,48.068512557813165
40600,51.654038399724115,47.66329458390612
40620,56.916034735707406,48.068512557813165
40630,56.916034735707406,48.068512557813165
40640,143.66328258012717,127.04091710962552
40700,205.46650202603823,163.6796385650523
40720,79.05631719816651,67.80425001484002
40740,247.16164055560617,211.75912389233537
40800,180.4805537311368,173.21318591626505
40820,132.48025706891335,125.74852873961873
40900,56.916034735707406,48.068512557813165
40930,56.916034735707406,48.068512557813165
40950,56.916034735707406,48.068512557813165
41120,56.916034735707406,48.068512557813165
41140,56.916034735707406,48.068512557813165
41160,56.916034735707406,48.068512557813165
41180,56.916034735707406,48.068512557813165
41210,56.916034735707406,48.068512557813165
41230,56.916034735707406,48.068512557813165
41270,56.916034735707406,48.068512557813165
41290,56.916034735707406,48.068512557813165
41310,56.916034735707406,48.068512557813165
41325,56.916034735707406,48.068512557813165
41330,529.5140647775573,523.8661188626661
41340,56.916034735707406,48.068512557813165
41350,56.916034735707406,48.068512557813165
41390,56.916034735707406,48.068512557813165
41400,56.916034735707406,48.068512557813165
41440,56.916034735707406,48.068512557813165
41490,56.916034735707406,48.068512557813165
41500,56.916034735707406,48.068512557813165
41520,56.916034735707406,48.068512557813165
41530,56.916034735707406,48.068512557813165
41560,56.916034735707406,48.068512557813165
41580,56.916034735707406,48.068512557813165
41660,56.916034735707406,48.068512557813165
41710,56.916034735707406,48.068512557813165
41770,56.916034735707406,48.068512557813165
41800,56.916034735707406,48.068512557813165
41870,56.916034735707406,48.068512557813165
41900,56.916034735707406,48.068512557813165
41930,56.916034735707406,48.068512557813165
42100,50.93076923791068,42.665022291760124
42220,56.916034735707406,48.068512557813165
42300,204.2599611337489,199.39888792664993
42440,56.916034735707406,48.068512557813165
42600,56.916034735707406,48.068512557813165
42700,142.43381663699824,128.25654698736224
42720,56.916034735707406,48.068512557813165
42800,56.916034735707406,48.068512557813165
42850,56.916034735707406,48.068512557813165
42910,56.916034735707406,48.068512557813165
43100,56.916034735707406,48.068512557813165
43220,56.916034735707406,48.068512557813165
43270,56.916034735707406,48.068512557813165
43300,56.916034735707406,48.068512557813165
43440,56.916034735707406,48.068512557813165
43500,56.916034735707406,48.068512557813165
43700,56.916034735707406,48.068512557813165
43800,56.916034735707406,48.068512557813165
43900,56.916034735707406,48.068512557813165
44100,28.2548676245461,26.123267847514455
44120,56.916034735707406,48.068512557813165
44150,56.916034735707406,48.068512557813165
44160,56.916034735707406,48.068512557813165
44200,63.85144461144063,50.20689793918115
44220,56.916034735707406,48.068512557813165
44260,56.916034735707406,48.068512557813165
44280,56.916034735707406,48.068512557813165
44300,56.916034735707406,48.068512557813165
44400,56.916034735707406,48.068512557813165
44420,56.916034735707406,48.068512557813165
44500,56.916034735707406,48.068512557813165
44670,56.916034735707406,48.068512557813165
44800,56.916034735707406,48.068512557813165
44880,56.916034735707406,48.068512557813165
44920,56.916034735707406,48.068512557813165
44950,56.916034735707406,48.068512557813165
45100,171.47069724813466,145.65040901026453
45120,56.916034735707406,48.068512557813165
45130,56.916034735707406,48.068512557813165
45150,31.030970363699467,28.040722498661694
45160,123.81931013430717,96.28764195280371
45200,225.52585220564092,179.17492793722192
45360,56.916034735707406,48.068512557813165
45370,56.916034735707406,48.068512557813165
45410,56.916034735707406,48.068512557813165
45460,56.916034735707406,48.068512557813165
45610,56.916034735707406,48.068512557813165
45700,121.22077021030167,86.81104191430708
45720,56.916034735707406,48.068512557813165
45740,56.916034735707406,48.068512557813165
45810,56.916034735707406,48.068512557813165
45910,56.916034735707406,48.068512557813165
46110,56.916034735707406,48.068512557813165
46140,56.916034735707406,48.068512557813165
46400,56.916034735707406,48.068512557813165
46710,56.916034735707406,48.068512557813165
46800,28.280233646785156,24.970487951957466
46810,56.916034735707406,48.068512557813165
46860,56.916034735707406,48.068512557813165
46900,56.916034735707406,48.068512557813165
46910,56.916034735707406,48.068512557813165
47200,56.916034735707406,48.068512557813165
47400,56.916034735707406,48.068512557813165
47710,56.916034735707406,48.068512557813165
47760,56.916034735707406,48.068512557813165
47900,56.916034735707406,48.068512557813165
48100,128.76580089145725,107.25878925782638
48130,56.916034735707406,48.068512557813165
48200,56.916034735707406,48.068512557813165
48210,56.916034735707406,48.068512557813165
48220,56.916034735707406,48.068512557813165
48230,56.916034735707406,48.068512557813165
48300,56.916034735707406,48.068512557813165
48310,56.916034735707406,48.068512557813165
48350,52.91729854119393,50.26043648952009
48400,56.916034735707406,48.068512557813165
48410,56.916034735707406,48.068512557813165
48600,146.88136142804447,125.56872569966652
48700,56.916034735707406,48.068512557813165
48710,56.916034735707406,48.068512557813165
48720,56.916034735707406,48.068512557813165
48750,56.916034735707406,48.068512557813165
48770,56.916034735707406,48.068512557813165
48800,56.916034735707406,48.068512557813165
48810,56.916034735707406,48.068512557813165
48900,56.916034735707406,48.068512557813165
48910,56.916034735707406,48.068512557813165
48930,56.916034735707406,48.068512557813165
49210,56.916034735707406,48.068512557813165
49220,56.916034735707406,48.068512557813165
49270,56.916034735707406,48.068512557813165
49290,56.916034735707406,48.068512557813165
49400,66.07466091056662,59.3488291436754
49410,56.916034735707406,48.068512557813165
49420,56.916034735707406,48.068512557813165
49460,56.916034735707406,48.068512557813165
49490,56.916034735707406,48.068512557813165
49510,56.916034735707406,48.068512557813165
49570,56.916034735707406,48.068512557813165
49700,56.916034735707406,48.068512557813165
49730,56.916034735707406,48.068512557813165
49760,56.916034735707406,48.068512557813165
49860,56.916034735707406,48.068512557813165
49900,56.916034735707406,48.068512557813165
49980,56.916034735707406,48.068512557813165
50100,209.3077624660186,168.5430516650461
50120,42.60607885765647,38.47330601128078
50130,56.916034735707406,48.068512557813165
50150,56.916034735707406,48.068512557813165
50160,95.07836541566589,87.2570527176668
50170,63.080441298174335,52.0165977956604
50180,56.916034735707406,48.068512557813165
50190,305.910497849079,301.01981948337095
50500,56.916034735707406,48.068512557813165
50520,56.916034735707406,48.068512557813165
50600,56.916034735707406,48.068512557813165
50670,56.916034735707406,48.068512557813165
50700,56.916034735707406,48.068512557813165
50970,56.916034735707406,48.068512557813165
51200,56.916034735707406,48.068512557813165
51600,56.916034735707406,48.068512557813165
51900,56.916034735707406,48.068512557813165
52100,56.916034735707406,48.068512557813165
52200,56.916034735707406,48.068512557813165
52230,56.916034735707406,48.068512557813165
52300,56.916034735707406,48.068512557813165
52320,56.916034735707406,48.068512557813165
52420,56.916034735707406,48.068512557813165
52510,56.916034735707406,48.068512557813165
52550,56.916034735707406,48.068512557813165
52610,56.916034735707406,48.068512557813165
52700,56.916034735707406,48.068512557813165
52720,56.916034735707406,48.068512557813165
52830,56.916034735707406,48.068512557813165
53100,126.61915454015995,118.13901709140475
53130,56.916034735707406,48.068512557813165
53200,53.35787586321008,48.03820996630736
53300,56.916034735707406,48.068512557813165
53400,56.916034735707406,48.068512557813165
53420,56.916034735707406,48.068512557813165
53500,56.916034735707406,48.068512557813165
53550,56.916034735707406,48.068512557813165
53600,114.57054829309278,89.99875906106809
53650,56.916034735707406,48.068512557813165
53810,123.33901129799668,86.65118857474809
53830,56.916034735707406,48.068512557813165
53850,51.30523395787977,45.905582598185845
53900,151.2423182435855,113.23848603300326
53920,81.96616036747452,68.50077320737148
53950,52.47431476939435,48.06492468137708
54100,56.916034735707406,48.068512557813165
54110,56.916034735707406,48.068512557813165
54120,56.916034735707406,48.068512557813165
54190,56.916034735707406,48.068512557813165
54230,56.916034735707406,48.068512557813165
54270,56.916034735707406,48.068512557813165
54330,56.916034735707406,48.068512557813165
54410,56.916034735707406,48.068512557813165
54430,56.916034735707406,48.068512557813165
54500,56.916034735707406,48.068512557813165
54530,56.916034735707406,48.068512557813165
54710,56.916034735707406,48.068512557813165
54770,56.916034735707406,48.068512557813165
54800,56.916034735707406,48.068512557813165
54850,56.916034735707406,48.068512557813165
54915,56.916034735707406,48.068512557813165
54920,56.916034735707406,48.068512557813165
54950,56.916034735707406,48.068512557813165
54960,56.916034735707406,48.068512557813165
55100,75.5844367426102,70.08036909305105
55120,49.565780318583485,43.083824994572154
55300,56.916034735707406,48.068512557813165
55320,56.916034735707406,48.068512557813165
55330,56.916034735707406,48.068512557813165
55400,56.916034735707406,48.068512557813165
55420,56.916034735707406,48.068512557813165
55510,30.478609640550857,26.441169977182312
55610,56.916034735707406,48.068512557813165
55700,56.916034735707406,48.068512557813165
55800,157.8334170751682,138.60990362628218
55910,56.916034735707406,48.068512557813165
56100,56.916034735707406,48.068512557813165
56120,56.916034735707406,48.068512557813165
56610,56.916034735707406,48.068512557813165
56710,56.916034735707406,48.068512557813165
56730,56.916034735707406,48.068512557813165
56800,56.916034735707406,48.068512557813165
57100,388.3895652313696,366.96457765865074
57120,56.916034735707406,48.068512557813165
57130,25.071152734790605,17.7781051555462
57170,60.58515414445529,52.42390458675567
57200,50.7895301722691,49.46888198979457
57210,56.916034735707406,48.068512557813165
57220,56.916034735707406,48.068512557813165
57230,56.916034735707406,48.068512557813165
57510,56.916034735707406,48.068512557813165
57600,56.916034735707406,48.068512557813165
57710,56.916034735707406,48.068512557813165
58175,56.916034735707406,48.068512557813165
58200,56.916034735707406,48.068512557813165
58220,56.916034735707406,48.068512557813165
58300,56.916034735707406,48.068512557813165
58410,56.916034735707406,48.068512557813165
58450,56.916034735707406,48.068512557813165
58500,56.916034735707406,48.068512557813165
58550,56.916034735707406,48.068512557813165
58620,56.916034735707406,48.068512557813165
58700,56.916034735707406,48.068512557813165
58770,56.916034735707406,48.068512557813165
58810,56.916034735707406,48.068512557813165
58900,56.916034735707406,48.068512557813165
58910,56.916034735707406,48.068512557813165
59100,56.916034735707406,48.068512557813165
59310,56.916034735707406,48.068512557813165
59510,56.916034735707406,48.068512557813165
59720,56.916034735707406,48.068512557813165
59730,56.916034735707406,48.068512557813165
59800,56.916034735707406,48.068512557813165
60100,227.33138106305265,197.7735194096099
60120,56.916034735707406,48.068512557813165
60150,53.713270594513915,46.098807431462546
60200,48.365939689393024,38.91560652553699
60220,56.916034735707406,48.068512557813165
60320,56.916034735707406,48.068512557813165
60420,56.916034735707406,48.068512557813165
60510,56.916034735707406,48.068512557813165
60550,56.916034735707406,48.068512557813165
60560,56.916034735707406,48.068512557813165
60640,56.916034735707406,48.068512557813165
60720,56.916034735707406,48.068512557813165
60760,56.916034735707406,48.068512557813165
60800,56.916034735707406,48.068512557813165
61100,56.916034735707406,48.068512557813165
61270,56.916034735707406,48.068512557813165
61280,56.916034735707406,48.068512557813165
61300,56.916034735707406,48.068512557813165
61310,56.916034735707406,48.068512557813165
61330,56.916034735707406,48.068512557813165
61360,56.916034735707406,48.068512557813165
61400,56.916034735707406,48.068512557813165
61470,56.916034735707406,48.068512557813165
61500,56.916034735707406,48.068512557813165
61520,56.916034735707406,48.068512557813165
61550,56.916034735707406,48.068512557813165
61600,56.916034735707406,48.068512557813165
61720,56.916034735707406,48.068512557813165
61800,56.916034735707406,48.068512557813165
61840,56.916034735707406,48.068512557813165
61850,56.916034735707406,48.068512557813165
61980,56.916034735707406,48.068512557813165
62100,46.34205868909534,41.356189670123115
62190,56.916034735707406,48.068512557813165
62200,185.42679978572804,159.27835760958806
62300,56.916034735707406,48.068512557813165
62370,56.916034735707406,48.068512557813165
62375,56.916034735707406,48.068512557813165
62420,56.916034735707406,48.068512557813165
62500,56.916034735707406,48.068512557813165
62510,56.916034735707406,48.068512557813165
62600,56.916034735707406,48.068512557813165
62660,56.916034735707406,48.068512557813165
62800,56.916034735707406,48.068512557813165
62830,56.916034735707406,48.068512557813165
62900,56.916034735707406,48.068512557813165
63100,56.916034735707406,48.068512557813165
63130,56.916034735707406,48.068512557813165
63300,56.916034735707406,48.068512557813165
63350,56.916034735707406,48.068512557813165
63400,56.916034735707406,48.068512557813165
63410,56.916034735707406,48.068512557813165
63500,56.916034735707406,48.068512557813165
63510,56.916034735707406,48.068512557813165
63600,56.916034735707406,48.068512557813165
63610,56.916034735707406,48.068512557813165
63680,56.916034735707406,48.068512557813165
63700,56.916034735707406,48.068512557813165
63780,56.916034735707406,48.068512557813165
63800,56.916034735707406,48.068512557813165
63900,56.916034735707406,48.068512557813165
63910,56.916034735707406,48.068512557813165
63920,56.916034735707406,48.068512557813165
64100,56.916034735707406,48.068512557813165
64140,56.916034735707406,48.068512557813165
64200,56.916034735707406,48.068512557813165
64220,56.916034735707406,48.068512557813165
64230,56.916034735707406,48.068512557813165
64240,56.916034735707406,48.068512557813165
64250,56.916034735707406,48.068512557813165
64260,56.916034735707406,48.068512557813165
64300,56.916034735707406,48.068512557813165
64350,56.916034735707406,48.068512557813165
64370,56.916034735707406,48.068512557813165
64460,56.916034735707406,48.068512557813165
64490,56.916034735707406,48.068512557813165
64510,56.916034735707406,48.068512557813165
64530,56.916034735707406,48.068512557813165
64550,56.916034735707406,48.068512557813165
64610,56.916034735707406,48.068512557813165
64700,56.916034735707406,48.068512557813165
64740,56.916034735707406,48.068512557813165
64760,56.916034735707406,48.068512557813165
64770,56.916034735707406,48.068512557813165
64810,56.916034735707406,48.068512557813165
64820,56.916034735707406,48.068512557813165
64900,56.916034735707406,48.068512557813165
65100,171.41423366727616,131.56580075235797
65170,56.916034735707406,48.068512557813165
65200,57.74909194987974,42.80020524904029
65230,41.50663518386939,32.74838320880929
65280,54.45773944738619,48.55709373650433
65300,56.916034735707406,48.068512557813165
65320,61.07277746752911,49.85765971761728
65350,161.78891832227654,151.5419703718734
65370,55.31309310680942,49.58640346992098
65380,56.916034735707406,48.068512557813165
65410,56.916034735707406,48.068512557813165
65450,56.916034735707406,48.068512557813165
65460,56.916034735707406,48.068512557813165
65480,56.916034735707406,48.068512557813165
65520,56.916034735707406,48.068512557813165
65610,48.702782168948914,37.30726768077824
65630,56.916034735707406,48.068512557813165
65650,56.916034735707406,48.068512557813165
65710,56.916034735707406,48.068512557813165
65730,56.916034735707406,48.068512557813165
65800,56.916034735707406,48.068512557813165
66100,56.916034735707406,48.068512557813165
66140,56.916034735707406,48.068512557813165
66160,56.916034735707406,48.068512557813165
66200,56.916034735707406,48.068512557813165
66210,56.916034735707406,48.068512557813165
66230,56.916034735707406,48.068512557813165
66240,56.916034735707406,48.068512557813165
66270,56.916034735707406,48.068512557813165
66280,56.916034735707406,48.068512557813165
66295,56.916034735707406,48.068512557813165
66300,56.916034735707406,48.068512557813165
66320,56.916034735707406,48.068512557813165
66360,56.916034735707406,48.068512557813165
66400,56.916034735707406,48.068512557813165
66420,56.916034735707406,48.068512557813165
66430,56.916034735707406,48.068512557813165
66440,56.916034735707406,48.068512557813165
66500,56.916034735707406,48.068512557813165
66510,56.916034735707406,48.068512557813165
66530,56.916034735707406,48.068512557813165
66550,56.916034735707406,48.068512557813165
66580,56.916034735707406,48.068512557813165
66600,56.916034735707406,48.068512557813165
66640,56.916034735707406,48.068512557813165
66800,56.916034735707406,48.068512557813165
66830,56.916034735707406,48.068512557813165
66840,56.916034735707406,48.068512557813165
66850,56.916034735707406,48.068512557813165
66900,56.916034735707406,48.068512557813165
67100,132.88780389111687,113.63411552631106
67200,287.854837747782,254.46845602396252
67300,56.916034735707406,48.068512557813165
67400,56.916034735707406,48.068512557813165
67600,56.916034735707406,48.068512557813165
67700,56.916034735707406,48.068512557813165
67800,56.916034735707406,48.068512557813165
67900,56.916034735707406,48.068512557813165
68100,56.916034735707406,48.068512557813165
68210,56.916034735707406,48.068512557813165
68230,56.916034735707406,48.068512557813165
68300,56.916034735707406,48.068512557813165
68320,56.916034735707406,48.068512557813165
68370,56.916034735707406,48.068512557813165
68380,56.916034735707406,48.068512557813165
68390,56.916034735707406,48.068512557813165
68410,56.916034735707406,48.068512557813165
68500,56.916034735707406,48.068512557813165
68555,56.916034735707406,48.068512557813165
68560,56.916034735707406,48.068512557813165
68570,56.916034735707406,48.068512557813165
68580,56.916034735707406,48.068512557813165
68600,179.55351997508563,167.6348938114391
68620,32.473534009360094,28.15293083799378
68630,56.916034735707406,48.068512557813165
68660,36.091968180601654,34.46591920991938
68700,56.916034735707406,48.068512557813165
68800,56.916034735707406,48.068512557813165
68810,56.916034735707406,48.068512557813165
68820,56.916034735707406,48.068512557813165
68870,56.916034735707406,48.068512557813165
68910,56.916034735707406,48.068512557813165
68930,56.916034735707406,48.068512557813165
68940,56.916034735707406,48.068512557813165
69100,56.916034735707406,48.068512557813165
69150,56.916034735707406,48.068512557813165
69300,56.916034735707406,48.068512557813165
69310,56.916034735707406,48.068512557813165
69410,56.916034735707406,48.068512557813165
69440,56.916034735707406,48.068512557813165
69510,56.916034735707406,48.068512557813165
69600,56.916034735707406,48.068512557813165
69700,56.916034735707406,48.068512557813165
69730,56.916034735707406,48.068512557813165
69750,56.916034735707406,48.068512557813165
69820,56.916034735707406,48.068512557813165
69850,56.916034735707406,48.068512557813165
69950,56.916034735707406,48.068512557813165
69980,56.916034735707406,48.068512557813165
70100,201.96356273723316,184.72646847005944
70110,314.2110804657974,259.91599328793654
70150,131.75847940343118,95.82333177671387
70200,351.36612875562207,280.4207509501526
70260,56.916034735707406,48.068512557813165
70280,56.916034735707406,48.068512557813165
70300,136.9094180332504,92.56909070796485
70340,56.126152560065165,53.49316531450023
70400,56.916034735707406,48.068512557813165
70420,45.342147812569905,39.09920278155636
70460,90.18516492814804,72.8815833710604
70500,149.45221461490908,133.9355186345777
70600,357.6222813377464,312.20647698844664
70620,49.08563689335726,38.062252946169565
70700,45.27156975350961,35.94137313292708
70780,56.916034735707406,48.068512557813165
70800,56.916034735707406,48.068512557813165
70820,63.69181905855925,56.3722208997678
70840,102.73735780604854,97.5784120245803
70870,56.916034735707406,48.068512557813165
70900,56.916034735707406,48.068512557813165
70910,56.916034735707406,48.068512557813165
71160,56.916034735707406,48.068512557813165
71200,56.916034735707406,48.068512557813165
71210,56.916034735707406,48.068512557813165
71240,56.916034735707406,48.068512557813165
71280,56.916034735707406,48.068512557813165
71310,56.916034735707406,48.068512557813165
71470,56.916034735707406,48.068512557813165
71480,56.916034735707406,48.068512557813165
71570,56.916034735707406,48.068512557813165
71730,56.916034735707406,48.068512557813165
71750,56.916034735707406,48.068512557813165
71760,56.916034735707406,48.068512557813165
71775,56.916034735707406,48.068512557813165
71800,41.24095203111075,31.66366975313349
71840,56.916034735707406,48.068512557813165
71850,56.916034735707406,48.068512557813165
71870,56.916034735707406,48.068512557813165
71910,56.916034735707406,48.068512557813165
71960,56.916034735707406,48.068512557813165
72100,56.916034735707406,48.068512557813165
72210,56.916034735707406,48.068512557813165
72300,56.916034735707406,48.068512557813165
72360,56.916034735707406,48.068512557813165
72400,56.916034735707406,48.068512557813165
72550,56.916034735707406,48.068512557813165
72600,56.916034735707406,48.068512557813165
72950,56.916034735707406,48.068512557813165
73100,56.916034735707406,48.068512557813165
73200,56.916034735707406,48.068512557813165
73230,56.916034735707406,48.068512557813165
73250,56.916034735707406,48.068512557813165
73300,56.916034735707406,48.068512557813165
73310,56.916034735707406,48.068512557813165
73460,56.916034735707406,48.068512557813165
73500,56.916034735707406,48.068512557813165
73600,56.916034735707406,48.068512557813165
73670,56.916034735707406,48.068512557813165
73770,56.916034735707406,48.068512557813165
73850,56.916034735707406,48.068512557813165
73900,56.916034735707406,48.068512557813165
74100,181.33637239031242,156.28507559845127
74120,71.79521888267729,56.825337726364864
74130,56.916034735707406,48.068512557813165
74200,56.916034735707406,48.068512557813165
74250,56.916034735707406,48.068512557813165
74300,56.916034735707406,48.068512557813165
74340,56.916034735707406,48.068512557813165
74380,56.916034735707406,48.068512557813165
74510,56.916034735707406,48.068512557813165
74550,56.916034735707406,48.068512557813165
74700,56.916034735707406,48.068512557813165
74940,56.916034735707406,48.068512557813165
75500,56.916034735707406,48.068512557813165
75530,56.916034735707406,48.068512557813165
75680,56.916034735707406,48.068512557813165
75700,56.916034735707406,48.068512557813165
76100,144.548699568649,140.26964624592097
76120,56.916034735707406,48.068512557813165
76130,56.916034735707406,48.068512557813165
76150,56.916034735707406,48.068512557813165
76850,56.916034735707406,48.068512557813165
76940,56.916034735707406,48.068512557813165
77240,56.916034735707406,48.068512557813165
77330,56.916034735707406,48.068512557813165
77570,56.916034735707406,48.068512557813165
77580,56.916034735707406,48.068512557813165
77600,26.17357762790234,22.800962804366463
77700,56.916034735707406,48.068512557813165
77800,56.916034735707406,48.068512557813165
78200,343.9704507688245,292.82809741988933
78210,56.916034735707406,48.068512557813165
78250,425.4621736659239,409.6171948875222
78300,56.916034735707406,48.068512557813165
78310,56.916034735707406,48.068512557813165
78400,56.916034735707406,48.068512557813165
78500,56.916034735707406,48.068512557813165
78710,56.916034735707406,48.068512557813165
78850,56.916034735707406,48.068512557813165
78870,56.916034735707406,48.068512557813165
78880,56.916034735707406,48.068512557813165
79100,56.916034735707406,48.068512557813165
79130,56.916034735707406,48.068512557813165
79255,56.916034735707406,48.068512557813165
79480,56.916034735707406,48.068512557813165
79520,56.916034735707406,48.068512557813165
79600,56.916034735707406,48.068512557813165
79700,56.916034735707406,48.068512557813165
79810,56.916034735707406,48.068512557813165
79940,56.916034735707406,48.068512557813165
80100,225.8613300325815,207.83601542806718
80110,184.9043525297014,172.01401546638454
80130,56.916034735707406,48.068512557813165
80140,56.916034735707406,48.068512557813165
80160,145.42333575861153,129.97340222642686
80170,56.916034735707406,48.068512557813165
80200,59.5835014204404,48.14273318752464
80220,216.50447831126525,184.44656870783353
80230,56.916034735707406,48.068512557813165
80260,56.916034735707406,48.068512557813165
80330,56.916034735707406,48.068512557813165
80400,56.916034735707406,48.068512557813165
80510,56.916034735707406,48.068512557813165
80710,56.916034735707406,48.068512557813165
80770,56.916034735707406,48.068512557813165
80780,56.916034735707406,48.068512557813165
80790,56.916034735707406,48.068512557813165
80850,56.916034735707406,48.068512557813165
80910,56.916034735707406,48.068512557813165
81100,56.916034735707406,48.068512557813165
81160,56.916034735707406,48.068512557813165
81200,56.916034735707406,48.068512557813165
81210,56.916034735707406,48.068512557813165
81220,56.916034735707406,48.068512557813165
81230,56.916034735707406,48.068512557813165
81235,56.916034735707406,48.068512557813165
81280,56.916034735707406,48.068512557813165
81290,56.916034735707406,48.068512557813165
81390,56.916034735707406,48.068512557813165
81590,56.916034735707406,48.068512557813165
81650,56.916034735707406,48.068512557813165
81700,39.76027579380023,25.536431555757304
81720,56.916034735707406,48.068512557813165
81750,56.916034735707406,48.068512557813165
81970,56.916034735707406,48.068512557813165
82110,56.916034735707406,48.068512557813165
82120,56.916034735707406,48.068512557813165
82140,56.916034735707406,48.068512557813165
82200,56.916034735707406,48.068512557813165
82220,56.916034735707406,48.068512557813165
82290,56.916034735707406,48.068512557813165
82300,56.916034735707406,48.068512557813165
82350,56.916034735707406,48.068512557813165
82430,56.916034735707406,48.068512557813165
82490,56.916034735707406,48.068512557813165
82500,56.916034735707406,48.068512557813165
82600,56.916034735707406,48.068512557813165
82655,56.916034735707406,48.068512557813165
82710,56.916034735707406,48.068512557813165
82730,56.916034735707406,48.068512557813165
82750,56.916034735707406,48.068512557813165
82760,56.916034735707406,48.068512557813165
82900,56.916034735707406,48.068512557813165
83100,56.916034735707406,48.068512557813165
83130,56.916034735707406,48.068512557813165
83330,56.916034735707406,48.068512557813165
83400,56.916034735707406,48.068512557813165
83430,56.916034735707406,48.068512557813165
83500,61.40740339080294,59.29030395451434
83700,56.916034735707406,48.068512557813165
83720,56.916034735707406,48.068512557813165
83750,56.916034735707406,48.068512557813165
83870,56.916034735707406,48.068512557813165
83900,56.916034735707406,48.068512557813165
83940,56.916034735707406,48.068512557813165
83950,56.916034735707406,48.068512557813165
83960,56.916034735707406,48.068512557813165
84100,98.26588411561049,94.34404677738473
84880,56.916034735707406,48.068512557813165
85100,56.916034735707406,48.068512557813165
85140,56.916034735707406,48.068512557813165
85160,56.916034735707406,48.068512557813165
85200,56.916034735707406,48.068512557813165
85230,56.916034735707406,48.068512557813165
85310,56.916034735707406,48.068512557813165
85320,56.916034735707406,48.068512557813165
85410,56.916034735707406,48.068512557813165
85430,56.916034735707406,48.068512557813165
85500,56.916034735707406,48.068512557813165
85560,56.916034735707406,48.068512557813165
85580,56.916034735707406,48.068512557813165
85630,56.916034735707406,48.068512557813165
85640,56.916034735707406,48.068512557813165
85660,56.916034735707406,48.068512557813165
85800,56.916034735707406,48.068512557813165
85820,56.916034735707406,48.068512557813165
85900,56.916034735707406,48.068512557813165
85980,56.916034735707406,48.068512557813165
86100,56.916034735707406,48.068512557813165
86170,56.916034735707406,48.068512557813165
86220,56.916034735707406,48.068512557813165
86300,56.916034735707406,48.068512557813165
86400,56.916034735707406,48.068512557813165
86440,56.916034735707406,48.068512557813165
86600,56.916034735707406,48.068512557813165
86710,56.916034735707406,48.068512557813165
86800,56.916034735707406,48.068512557813165
86900,56.916034735707406,48.068512557813165
87100,101.2025600075886,70.45086532472908
87150,56.916034735707406,48.068512557813165
87200,41.82293333507327,41.714538263681334
87250,56.916034735707406,48.068512557813165
87300,56.916034735707406,48.068512557813165
87400,56.916034735707406,48.068512557813165
87500,48.80987909432195,46.772060992555794
87700,56.916034735707406,48.068512557813165
87830,56.916034735707406,48.068512557813165
87900,56.916034735707406,48.068512557813165
88200,56.916034735707406,48.068512557813165
88270,56.916034735707406,48.068512557813165
88300,56.916034735707406,48.068512557813165
88340,56.916034735707406,48.068512557813165
88400,56.916034735707406,48.068512557813165
88470,56.916034735707406,48.068512557813165
88600,56.916034735707406,48.068512557813165
88610,56.916034735707406,48.068512557813165
88620,56.916034735707406,48.068512557813165
88900,56.916034735707406,48.068512557813165
89140,56.916034735707406,48.068512557813165
89200,56.916034735707406,48.068512557813165
89400,56.916034735707406,48.068512557813165
89600,92.56634342500614,80.19854446286593
89800,56.916034735707406,48.068512557813165
90100,228.9180839285009,188.1592746784445
90120,122.14348000593618,101.69698690051791
90130,179.63331162329064,164.1328796836657
90140,54.465506017372036,47.93629368374502
90150,217.3674664620427,194.40476089375602
90220,56.916034735707406,48.068512557813165
90230,229.6854024771579,208.31191270046077
90240,58.4665523360989,52.15522840550625
90250,202.70358745123255,184.1949831699012
90310,56.916034735707406,48.068512557813165
90400,115.34264301146362,85.88128830648452
90410,56.916034735707406,48.068512557813165
90420,49.28235625444603,41.61152423193653
90440,84.81239594825183,78.32410531559225
90450,56.916034735707406,48.068512557813165
90460,56.916034735707406,48.068512557813165
90480,56.916034735707406,48.068512557813165
90500,152.75100420493922,123.44399596113595
90510,80.0484363742162,74.5692652495112
90520,525.668461635861,423.9951146068039
90530,105.65619960173086,90.78473553180368
90540,61.13032172449443,55.967880459129105
90550,61.741690719626,58.267340510113
90560,30.95289570372333,25.732198371726042
90570,246.56706724593417,202.3978201097553
90580,56.916034735707406,48.068512557813165
90620,56.916034735707406,48.068512557813165
90630,62.96306602656557,51.78568199173151
90650,311.7497320353481,252.94177313218194
90670,56.916034735707406,48.068512557813165
90800,56.916034735707406,48.068512557813165
90810,56.916034735707406,48.068512557813165
90820,56.916034735707406,48.068512557813165
90830,56.916034735707406,48.068512557813165
90840,56.916034735707406,48.068512557813165
90850,56.916034735707406,48.068512557813165
90900,56.916034735707406,48.068512557813165
90910,56.916034735707406,48.068512557813165
90940,56.916034735707406,48.068512557813165
91100,56.916034735707406,48.068512557813165
91200,56.916034735707406,48.068512557813165
91260,56.916034735707406,48.068512557813165
91300,56.916034735707406,48.068512557813165
91310,56.916034735707406,48.068512557813165
91410,56.916034735707406,48.068512557813165
91430,56.916034735707406,48.068512557813165
91500,56.916034735707406,48.068512557813165
91600,56.916034735707406,48.068512557813165
91670,56.916034735707406,48.068512557813165
91700,56.916034735707406,48.068512557813165
91710,56.916034735707406,48.068512557813165
91760,56.916034735707406,48.068512557813165
91780,56.916034735707406,48.068512557813165
91800,56.916034735707406,48.068512557813165
91900,197.59643924785976,185.9309975009146
91910,56.916034735707406,48.068512557813165
91950,56.916034735707406,48.068512557813165
91980,56.916034735707406,48.068512557813165
92100,243.3022023349884,174.60921201920866
92120,56.916034735707406,48.068512557813165
92130,56.916034735707406,48.068512557813165
92140,56.916034735707406,48.068512557813165
92150,56.916034735707406,48.068512557813165
92160,56.916034735707406,48.068512557813165
92320,56.916034735707406,48.068512557813165
92350,56.916034735707406,48.068512557813165
92400,56.916034735707406,48.068512557813165
92430,56.916034735707406,48.068512557813165
92450,56.916034735707406,48.068512557813165
92500,56.916034735707406,48.068512557813165
92600,56.916034735707406,48.068512557813165
92620,56.916034735707406,48.068512557813165
92640,56.916034735707406,48.068512557813165
92650,56.916034735707406,48.068512557813165
92700,56.916034735707406,48.068512557813165
92930,56.916034735707406,48.068512557813165
93100,56.916034735707406,48.068512557813165
93280,56.916034735707406,48.068512557813165
93400,56.916034735707406,48.068512557813165
93600,95.98963124108808,75.89733501408284
93700,56.916034735707406,48.068512557813165
93830,56.916034735707406,48.068512557813165
93900,56.916034735707406,48.068512557813165
93999,56.916034735707406,48.068512557813165
94100,155.1400305723588,104.04440693749609
94200,56.916034735707406,48.068512557813165
94300,56.916034735707406,48.068512557813165
94400,56.916034735707406,48.068512557813165
94430,56.916034735707406,48.068512557813165
94450,56.916034735707406,48.068512557813165
94500,56.916034735707406,48.068512557813165
94600,56.916034735707406,48.068512557813165
94700,56.916034735707406,48.068512557813165
94720,56.916034735707406,48.068512557813165
94830,56.916034735707406,48.068512557813165
95100,56.916034735707406,48.068512557813165
95200,56.916034735707406,48.068512557813165
95230,56.916034735707406,48.068512557813165
95300,56.916034735707406,48.068512557813165
95400,76.13262886180257,75.78244174807946
95410,56.916034735707406,48.068512557813165
95420,56.916034735707406,48.068512557813165
95430,56.916034735707406,48.068512557813165
95450,56.916034735707406,48.068512557813165
95600,56.916034735707406,48.068512557813165
95675,56.916034735707406,48.068512557813165
95700,56.916034735707406,48.068512557813165
95780,56.916034735707406,48.068512557813165
95800,56.916034735707406,48.068512557813165
95900,56.916034735707406,48.068512557813165
95930,56.916034735707406,48.068512557813165
95970,56.916034735707406,48.068512557813165
95980,56.916034735707406,48.068512557813165
96100,342.2999129718326,283.82595835882677
96190,56.916034735707406,48.068512557813165
96200,371.03470555456033,295.38006386283496
96300,248.02856098586523,183.16658860127234
96320,56.916034735707406,48.068512557813165
96400,56.916034735707406,48.068512557813165
96440,313.82442690580194,306.6349252486664
96460,56.916034735707406,48.068512557813165
96500,24.43720246356396,18.751390012707105
96600,56.916034735707406,48.068512557813165
96800,56.916034735707406,48.068512557813165
96900,56.916034735707406,48.068512557813165
96910,56.916034735707406,48.068512557813165
96960,56.916034735707406,48.068512557813165
97110,56.916034735707406,48.068512557813165
97130,56.916034735707406,48.068512557813165
97140,56.916034735707406,48.068512557813165
97160,56.916034735707406,48.068512557813165
97280,56.916034735707406,48.068512557813165
97340,56.916034735707406,48.068512557813165
97390,56.916034735707406,48.068512557813165
97615,56.916034735707406,48.068512557813165
97635,56.916034735707406,48.068512557813165
97655,56.916034735707406,48.068512557813165
97700,56.916034735707406,48.068512557813165
97900,56.916034735707406,48.068512557813165
98100,56.916034735707406,48.068512557813165
98120,56.916034735707406,48.068512557813165
98230,56.916034735707406,48.068512557813165
98310,56.916034735707406,48.068512557813165
98350,56.916034735707406,48.068512557813165
98400,56.916034735707406,48.068512557813165
98440,85.77348778052082,67.9526003744441
98450,56.916034735707406,48.068512557813165
98500,56.916034735707406,48.068512557813165
98530,56.916034735707406,48.068512557813165
98600,56.916034735707406,48.068512557813165
98720,56.916034735707406,48.068512557813165
98800,56.916034735707406,48.068512557813165
98900,56.916034735707406,48.068512557813165
99100,56.916034735707406,48.068512557813165
99130,56.916034735707406,48.068512557813165
99300,56.916034735707406,48.068512557813165
99400,56.916034735707406,48.068512557813165
99440,56.916034735707406,48.068512557813165
99450,56.916034735707406,48.068512557813165
99490,56.916034735707406,48.068512557813165
99555,56.916034735707406,48.068512557813165
99600,56.916034735707406,48.068512557813165
99620,56.916034735707406,48.068512557813165
99660,56.916034735707406,48.068512557813165
99690,56.916034735707406,48.068512557813165
99710,56.916034735707406,48.068512557813165
99800,56.916034735707406,48.068512557813165
99830,56.916034735707406,48.068512557813165
99870,56.916034735707406,48.068512557813165
99930,56.916034735707406,48.068512557813165
99950,56.916034735707406,48.068512557813165
99980,56.916034735707406,48.068512557813165
